Date,Open,High,Low,Close,Volume,SMA_5,SMA_10,SMA_20,SMA_60
2021-06-21,208.16,210.46,202.96,206.94,74438100,,,,
2021-06-22,206.08,209.52,205.17,207.9,57476700,,,,
2021-06-23,210.67,219.07,210.01,218.86,93297600,,,,
2021-06-24,225,232.54,222.54,226.61,137947200,,,,
2021-06-25,229.86,231.27,222.9,223.96,97490100,216.85,,,
2021-06-28,223.88,231.57,223.44,229.57,64884600,221.38,,,
2021-06-29,228.22,229.17,225.3,226.92,52143900,225.18,,,
2021-06-30,226.59,230.94,226.05,226.57,56774700,226.72,,,
2021-07-01,227.97,229.33,224.27,225.97,55903500,226.6,,,
2021-07-02,226.33,233.33,224.42,226.3,81163500,227.07,221.96,,
2021-07-06,227.24,228,217.13,219.86,69853500,225.12,223.25,,
2021-07-07,221.42,221.9,212.77,214.88,56376000,222.72,223.95,,
2021-07-08,209.46,218.14,206.82,217.6,68319900,220.92,223.82,,
2021-07-09,217.73,219.64,214.9,218.98,54421500,219.53,223.06,,
2021-07-12,220.73,229.08,220.72,228.57,77781000,219.98,223.52,,
2021-07-13,228.77,231.09,222.1,222.85,62898300,220.58,222.85,,
2021-07-14,223.58,226.2,217.61,217.79,64923600,221.16,221.94,,
2021-07-15,219.46,222.05,212.63,216.87,60628800,221.01,220.97,,
2021-07-16,218.23,218.9,214.07,214.74,49113000,220.16,219.84,,
2021-07-19,209.96,215.73,207.1,215.41,63891300,217.53,218.76,220.36,
2021-07-20,217.33,220.8,213.5,220.17,46461300,216.99,218.79,221.02,
2021-07-21,219.87,221.62,216.76,218.43,41859900,217.12,219.14,221.55,
2021-07-22,218.81,220.72,214.87,216.42,45317100,217.03,219.02,221.42,
2021-07-23,215.45,216.27,212.43,214.46,43814700,216.98,218.57,220.82,
2021-07-26,216.99,222.73,215.7,219.21,76009800,217.74,217.63,220.58,
2021-07-27,221.13,222.17,209.08,214.93,98439900,216.69,216.84,219.85,
2021-07-28,215.67,218.32,213.13,215.66,48019800,216.13,216.63,219.28,
2021-07-29,216.6,227.9,216.27,225.78,91183800,218.01,217.52,219.24,
2021-07-30,223.92,232.51,223,229.07,88969200,220.93,218.95,219.4,
2021-08-02,233.33,242.31,232.8,236.56,100847400,224.4,221.07,219.91,
2021-08-03,239.67,240.88,233.67,236.58,64860900,228.73,222.71,220.75,
2021-08-04,237,241.63,236.31,236.97,51007800,232.99,224.56,221.85,
2021-08-05,238.67,240.32,237.14,238.21,38758800,235.48,226.74,222.88,
2021-08-06,237.3,238.78,232.54,233.03,46869000,236.27,228.6,223.58,
2021-08-09,236.72,239.68,235.04,237.92,44145900,236.54,230.47,224.05,
2021-08-10,238,238.86,233.96,236.66,40296900,236.56,232.64,224.74,
2021-08-11,237.57,238.39,234.74,235.94,29401800,236.35,234.67,225.65,
2021-08-12,235.45,240.93,233.13,240.75,52377300,236.86,236.17,226.84,
2021-08-13,241.24,243.3,238.11,239.06,50194500,238.07,237.17,228.06,
2021-08-16,235.02,236.5,225.47,228.72,68032200,236.23,236.39,228.73,
2021-08-17,224.22,224.86,216.28,221.9,71163900,233.27,234.92,228.81,
2021-08-18,223.25,231.92,223.12,229.66,61048200,232.02,234.19,229.37,
2021-08-19,226.07,228.85,222.53,224.49,42940500,228.77,232.81,229.78,
2021-08-20,227.62,230.71,224.57,226.75,44525700,226.31,232.19,230.39,
2021-08-23,228.48,237.38,226.92,235.43,60794700,227.65,231.94,231.2,
2021-08-24,236.89,238.41,234.21,236.16,39249300,230.5,231.89,232.27,
2021-08-25,235.68,238.99,234.67,237.07,37936800,231.98,232,233.34,
2021-08-26,236.1,238.47,232.54,233.72,39642900,233.83,231.3,233.73,
2021-08-27,235,238.33,234.03,237.31,41501400,235.94,231.12,234.15,
2021-08-30,238.24,243.67,237.58,243.64,55812600,237.58,232.61,234.5,
2021-08-31,244.33,246.8,242.15,245.24,62566200,239.39,234.95,234.93,
2021-09-01,244.69,247.33,243.76,244.7,39612900,240.92,236.45,235.32,
2021-09-02,244.83,246.99,243.51,244.13,38331900,243,238.41,235.61,
2021-09-03,244.08,244.67,241.4,244.52,45738300,244.45,240.19,236.19,
2021-09-07,246.67,253.4,246.42,250.97,60119400,245.91,241.75,236.84,
2021-09-08,253.86,254.82,246.92,251.29,56379000,247.12,243.26,237.57,
2021-09-09,251.14,254.03,250.54,251.62,42233100,248.51,244.71,238.36,
2021-09-10,253.2,254.2,244.84,245.42,45552600,248.77,245.88,238.59,
2021-09-13,246.74,248.26,236.28,247.67,68857500,249.39,246.92,239.02,
2021-09-14,247.52,251.49,245.47,248.16,55574700,248.83,247.37,239.99,229.69
2021-09-15,248.33,252.29,246.12,251.94,46073100,248.96,248.04,241.5,230.44
2021-09-16,250.94,252.97,249.2,252.33,41770200,249.11,248.81,242.63,231.18
2021-09-17,252.38,253.68,250,253.16,84612600,250.65,249.71,244.06,231.75
2021-09-20,244.85,247.33,239.54,243.39,74273100,249.8,249.6,244.89,232.03
2021-09-21,244.93,248.25,243.48,246.46,48992100,249.46,249.14,245.45,232.41
2021-09-22,247.84,251.22,246.37,250.65,45378900,249.2,249.08,246.17,232.76
2021-09-23,251.67,252.73,249.31,251.21,35842500,248.97,249.04,246.88,233.17
2021-09-24,248.63,258.27,248.19,258.13,64119000,249.97,250.31,248.1,233.69
2021-09-27,257.71,266.33,256.44,263.79,84212100,254.05,251.92,249.42,234.32
2021-09-28,262.4,265.21,255.39,259.19,76144200,256.59,253.03,250.2,234.87
2021-09-29,259.93,264.5,256.89,260.44,62828700,258.55,253.87,250.96,235.55
2021-09-30,260.33,263.04,258.33,258.49,53868000,260.01,254.49,251.65,236.27
2021-10-01,259.47,260.26,254.53,258.41,51094200,260.06,255.02,252.36,236.95
2021-10-04,265.5,268.99,258.71,260.51,91449900,259.41,256.73,253.16,237.65
2021-10-05,261.6,265.77,258.07,260.2,55297800,259.61,258.1,253.62,238.17
2021-10-06,258.73,262.22,257.74,260.92,43898400,259.7,259.13,254.1,238.81
2021-10-07,261.82,268.33,261.13,264.54,57587400,260.91,260.46,254.75,239.59
2021-10-08,265.4,265.46,260.3,261.83,50215800,261.6,260.83,255.57,240.34
2021-10-11,262.55,267.08,261.83,263.98,42600900,262.29,260.85,256.39,241.16
2021-10-12,266.98,270.77,265.52,268.57,66060000,263.97,261.79,257.41,242.04
2021-10-13,270.16,271.8,268.59,270.36,42360300,265.86,262.78,258.33,242.88
2021-10-14,271.83,273.42,271.12,272.77,36741600,267.5,264.21,259.35,243.78
2021-10-15,274.58,281.07,274.12,281.01,56773800,271.34,266.47,260.74,244.86
2021-10-18,283.93,291.75,283.82,290.04,72621600,276.55,269.42,263.07,246.12
2021-10-19,292.51,292.65,287.5,288.09,52143300,280.45,272.21,265.16,247.27
2021-10-20,288.45,289.83,285.79,288.6,42096300,284.1,274.98,267.05,248.5
2021-10-21,285.33,300,285.17,298,94444500,289.15,278.33,269.39,249.87
2021-10-22,298.5,303.33,296.99,303.23,68642400,293.59,282.47,271.65,251.16
2021-10-25,316.84,348.34,314.73,341.62,188556300,303.91,290.23,275.54,253.04
2021-10-26,341.56,364.98,333.81,339.48,187245000,314.18,297.32,279.55,254.75
2021-10-27,346.55,356.96,343.59,345.95,115579500,325.66,304.88,283.83,256.57
2021-10-28,356.1,360.33,351.4,359.01,81639600,337.86,313.5,288.86,258.61
2021-10-29,360.62,371.74,357.74,371.33,89755200,351.48,322.54,294.5,260.83
2021-11-01,381.67,403.25,372.89,402.86,168146100,363.73,333.82,301.62,263.66
2021-11-02,386.45,402.86,382,390.67,128213400,373.97,344.08,308.14,266.2
2021-11-03,392.44,405.13,384.21,404.62,103885500,385.7,355.68,315.33,269
2021-11-04,411.47,414.5,405.67,409.97,76192200,395.89,366.87,322.6,271.9
2021-11-05,409.33,413.29,402.67,407.36,64886400,403.1,377.29,329.88,274.68
2021-11-08,383.26,399,377.67,387.65,100337100,400.05,381.89,336.06,277.16
2021-11-09,391.2,391.5,337.17,341.17,177317400,390.15,382.06,339.69,279.03
2021-11-10,336.8,359.37,329.1,355.98,128408100,380.43,383.06,343.97,281.26
2021-11-11,367.59,368.32,351.56,354.5,67189800,369.33,382.61,348.06,283.35
2021-11-12,349.17,351.5,339.73,344.47,76719300,356.75,379.93,351.23,285.34
2021-11-15,339.21,343.99,326.2,337.8,104326800,346.78,373.42,353.62,287.2
2021-11-16,334.44,352.4,334.06,351.58,79627200,348.87,369.51,356.79,289.13
2021-11-17,354.5,373.21,351.83,363,94336200,350.27,365.35,360.51,291.25
2021-11-18,368.85,370.67,358.34,365.46,62696700,352.46,360.9,363.89,293.39
2021-11-19,366.29,379.57,364.23,379.02,64926900,359.37,358.06,367.68,295.81
2021-11-22,387.44,400.65,377.48,385.62,99217500,368.94,357.86,369.88,298.28
2021-11-23,389.17,393.5,354.23,369.68,108515100,372.56,360.71,371.39,300.38
2021-11-24,360.13,377.59,354,372,67680600,374.36,362.31,372.69,302.49
2021-11-26,366.49,369.59,360.33,360.64,35042700,373.39,362.93,372.77,304.42
2021-11-29,367,380.89,366.73,379,58393500,373.39,366.38,373.15,306.67
2021-11-30,381.46,389.33,372.67,381.59,81276000,372.58,370.76,372.09,308.96
2021-12-01,386.9,390.95,363.59,365,68450400,371.64,372.1,370.81,310.86
2021-12-02,366.35,371,352.22,361.53,73114800,369.55,371.95,368.65,312.69
2021-12-03,361.6,363.53,333.4,338.32,92322000,365.09,369.24,365.07,314.14
2021-12-06,333.84,340.55,316.83,336.34,81663000,356.56,364.97,361.52,315.65
2021-12-07,348.07,352.56,342.27,350.58,56084700,350.36,361.47,359.66,317.37
2021-12-08,350.9,357.46,344.33,356.32,41906400,348.62,360.13,360.42,319.17
2021-12-09,353.55,354.16,334.12,334.6,59438400,343.23,356.39,359.35,320.55
2021-12-10,336.25,340.33,327.51,339.01,59664300,343.37,354.23,358.58,321.99
2021-12-13,333.7,335,317.14,322.14,78595500,340.53,348.54,357.46,323.14
2021-12-14,315,322.14,310,319.5,70806300,334.31,342.33,356.55,324.41
2021-12-15,317.74,326.25,309.42,325.33,75169200,328.12,338.37,355.23,325.73
2021-12-16,331.5,331.66,307.28,308.97,82771500,322.99,333.11,352.53,326.7
2021-12-17,304.92,320.22,303.01,310.86,100437300,317.36,330.36,349.8,327.69
2021-12-20,303.57,307.23,297.8,299.98,56480100,312.93,326.73,345.85,328.39
2021-12-21,305.62,313.17,295.37,312.84,71517900,311.6,322.96,342.21,329.21
2021-12-22,321.89,338.55,319.02,336.29,93634200,313.79,320.95,340.54,330.49
2021-12-23,335.6,357.66,332.52,355.67,92713200,323.13,323.06,339.73,332.08
2021-12-27,357.89,372.33,356.91,364.65,71145900,333.89,325.62,339.93,333.85
2021-12-28,369.83,373,359.47,362.82,60324000,346.45,329.69,339.12,335.59
2021-12-29,366.21,368,354.71,362.06,56154000,356.3,333.95,338.14,337.28
2021-12-30,353.78,365.18,351.05,356.78,47040900,360.4,337.09,337.73,338.89
2021-12-31,357.81,360.67,351.53,352.26,40733700,359.71,341.42,337.27,340.42
2022-01-03,382.58,400.36,378.68,399.93,103931400,366.77,350.33,340.35,342.67
2022-01-04,396.52,402.67,374.35,383.2,100248300,370.85,358.65,342.69,344.69
2022-01-05,382.22,390.11,360.34,362.71,80119800,370.97,363.64,343.3,346.34
2022-01-06,359,362.67,340.17,354.9,90336600,370.6,365.5,343.22,347.78
2022-01-07,360.12,360.31,336.67,342.32,84164700,368.61,364.16,343.61,348.98
2022-01-10,333.33,353.03,326.67,352.71,91815000,359.17,362.97,344.3,350.31
2022-01-11,351.22,358.62,346.27,354.8,66063300,353.49,362.17,345.93,351.54
2022-01-12,359.62,371.61,357.53,368.74,83739000,354.69,362.83,348.39,352.85
2022-01-13,369.69,371.87,342.18,343.85,97209900,352.48,361.54,349.32,353.78
2022-01-14,339.96,350.67,337.79,349.87,72924300,353.99,361.3,351.36,354.8
2022-01-18,342.2,356.93,338.69,343.5,66743400,352.15,355.66,352.99,355.56
2022-01-19,347.24,351.56,331.67,331.88,75442500,347.57,350.53,354.59,356.04
2022-01-20,336.58,347.22,331.33,332.09,70488600,340.24,347.47,355.55,355.88
2022-01-21,332.11,334.85,313.5,314.63,103416000,334.4,343.44,354.47,355.47
2022-01-24,301.59,311.17,283.82,310,151565700,326.42,340.21,352.19,354.87
2022-01-25,304.73,317.09,301.07,306.13,86595900,318.95,335.55,349.26,353.98
2022-01-26,317.48,329.23,302,312.47,104867400,315.07,331.32,346.74,353
2022-01-27,311.12,311.8,276.33,276.37,147109500,303.92,322.08,342.46,350.9
2022-01-28,277.19,285.83,264,282.12,134789100,297.42,315.91,338.72,349.09
2022-01-31,290.9,312.66,287.35,312.24,104436000,297.87,312.14,336.72,347.55
2022-02-01,311.74,314.57,301.67,310.42,73138200,298.72,308.83,332.25,345.89
2022-02-02,309.39,310.5,296.47,301.89,66792900,296.61,305.84,328.18,344.13
2022-02-03,294,312.33,293.51,297.05,78855600,300.74,302.33,324.9,342.62
2022-02-04,299.07,312.17,293.72,307.77,73625400,305.87,301.64,322.54,342.06
2022-02-07,307.93,315.92,300.9,302.45,60994500,303.91,300.89,320.55,341.17
2022-02-08,301.84,308.76,298.27,307.33,50729100,303.3,301.01,318.28,340.38
2022-02-09,311.67,315.42,306.67,310.67,52259400,305.05,300.83,316.07,339.82
2022-02-10,302.79,314.6,298.9,301.52,66126900,305.95,303.34,312.71,339.22
2022-02-11,303.21,305.32,283.57,286.67,79645800,301.73,303.8,309.85,338.13
2022-02-14,287.19,299.63,284.38,291.92,67756500,299.62,301.77,306.96,336.95
2022-02-15,300,307.67,297.79,307.48,57286200,299.65,301.47,305.15,335.98
2022-02-16,304.68,308.81,300.4,307.8,51294300,299.08,302.06,303.95,334.8
2022-02-17,304.42,306.17,291.37,292.12,55178400,297.2,301.57,301.95,333.24
2022-02-18,295.33,295.62,279.2,285.66,68501700,296.99,299.36,300.5,331.84
2022-02-22,278.04,285.58,267.03,273.84,83288100,293.38,296.5,298.69,330.2
2022-02-23,276.81,278.43,253.52,254.68,95256900,282.82,291.23,296.12,328.44
2022-02-24,233.46,267.49,233.33,266.92,135322200,274.64,286.86,293.84,326.57
2022-02-25,269.74,273.17,260.8,269.96,76067700,270.21,283.7,293.52,324.71
2022-02-28,271.67,292.29,271.57,290.14,99006900,271.11,284.05,293.93,323.46
2022-03-01,289.89,296.63,284.59,288.12,74766900,273.97,283.67,292.72,322.24
2022-03-02,290.71,295.49,281.42,293.3,74643300,281.69,282.25,291.86,321.49
2022-03-03,292.92,295.48,277.53,279.76,61623600,284.26,279.45,290.76,320.54
2022-03-04,283.03,285.22,275.05,279.43,66999600,286.15,278.18,289.88,319.36
2022-03-07,285.43,288.71,268.19,268.19,72494100,281.76,276.44,287.9,317.89
2022-03-08,265.18,283.33,260.72,274.8,80399100,279.1,276.53,286.52,316.89
2022-03-09,279.83,286.85,277.34,286.32,59184000,277.7,279.7,285.46,316.01
2022-03-10,283.82,284.82,270.12,279.43,58648500,277.64,280.95,283.9,315.3
2022-03-11,280.07,281.27,264.59,265.12,67037100,274.77,280.46,282.08,314.4
2022-03-14,260.2,266.9,252.01,255.46,71152200,272.23,276.99,280.52,313.23
2022-03-15,258.42,268.52,252.19,267.3,66841200,270.73,274.91,279.29,312.54
2022-03-16,269.67,280.67,267.42,280.08,84028800,269.48,273.59,277.92,312.02
2022-03-17,277,291.67,275.24,290.53,66582900,271.7,274.67,277.06,311.87
2022-03-18,291.5,302.62,289.13,301.8,100414200,279.03,276.9,277.54,311.68
2022-03-21,304.99,314.28,302.36,307.05,81981600,289.35,280.79,278.61,311.19
2022-03-22,310,332.62,307.25,331.33,105868500,302.16,286.44,281.49,310.79
2022-03-23,326.65,346.9,325.47,333.04,120676200,312.75,291.11,285.4,310.26
2022-03-24,336.58,341.5,329.6,337.97,68920800,322.24,296.97,288.96,309.85
2022-03-25,336,340.6,332.44,336.88,62031600,329.25,304.14,292.3,309.43
2022-03-28,355.03,365.96,351.2,363.95,102506100,340.63,314.99,295.99,309.55
2022-03-29,369.33,371.59,357.7,366.52,73614900,347.67,324.91,299.91,309.79
2022-03-30,363.72,371.32,361.33,364.66,59865000,354,333.37,303.48,309.2
2022-03-31,364.86,367.71,358.88,359.2,48992700,358.24,340.24,307.45,308.8
2022-04-01,360.38,364.92,355.55,361.53,54263100,363.17,346.21,311.56,308.78
2022-04-04,363.13,383.3,357.51,381.82,82035900,366.75,353.69,317.24,309.23
2022-04-05,378.77,384.29,362.43,363.75,80075100,366.19,356.93,321.69,309.58
2022-04-06,357.82,359.67,342.57,348.59,89348400,362.98,358.49,324.8,309.51
2022-04-07,350.8,358.86,340.51,352.42,79447200,361.62,359.93,328.45,309.48
2022-04-08,347.74,349.48,340.81,341.83,55013700,357.68,360.43,332.29,309.03
2022-04-11,326.8,336.16,324.88,325.31,59357100,346.38,356.56,335.78,308.72
2022-04-12,332.55,340.4,325.53,328.98,65976000,339.43,352.81,338.86,308.37
2022-04-13,327.03,342.08,324.37,340.79,55121100,337.87,350.42,341.9,308.32
2022-04-14,333.1,337.57,327.4,328.33,58422300,333.05,347.34,343.79,308.27
2022-04-18,329.68,338.31,324.47,334.76,51715200,331.64,344.66,345.44,308.31
2022-04-19,335.02,344.98,331.78,342.72,49847700,335.12,340.75,347.22,308.78
2022-04-20,343.33,344.67,325.08,325.73,70711200,334.47,336.95,346.94,309.04
2022-04-21,358.24,364.07,332.14,336.26,105416400,333.56,335.71,347.1,309.54
2022-04-22,338.3,344.95,331.33,335.02,69696600,334.9,333.97,346.95,309.92
2022-04-25,326.32,336.21,325.1,332.67,68341200,334.48,333.06,346.74,310.86
2022-04-26,331.81,333.33,291.67,292.14,136133700,324.36,329.74,343.15,311.02
2022-04-27,299.53,306,292.45,293.84,76956300,317.99,326.23,339.52,310.72
2022-04-28,299.99,300,273.9,292.5,124948500,309.23,321.4,335.91,310.42
2022-04-29,300.75,311.47,290,290.25,88133100,300.28,317.59,332.46,310.22
2022-05-02,286.92,302.12,282.68,300.98,75781500,293.94,314.21,329.44,310.29
2022-05-03,301.06,308.03,296.2,303.08,63709500,296.13,310.25,325.5,310.21
2022-05-04,301.31,318.5,295.09,317.54,81643800,300.87,309.43,323.19,310.46
2022-05-05,313.01,315.2,285.9,291.09,92519100,300.59,304.91,320.31,310.19
2022-05-06,295.67,296,281.04,288.55,72903000,300.25,300.27,317.12,309.82
2022-05-09,278.82,281.88,260.38,262.37,90810300,292.53,293.24,313.15,309.17
2022-05-10,273.1,275.12,258.08,266.68,84401700,285.25,290.69,310.22,308.84
2022-05-11,265,269.92,242.4,244.67,97224600,270.67,285.77,306,308.05
2022-05-12,233.67,253.22,226.67,242.67,140313000,260.99,280.79,301.09,306.97
2022-05-13,257.83,262.45,250.52,256.53,92150700,254.58,277.42,297.5,306.12
2022-05-16,255.72,256.59,239.7,241.46,86098500,250.4,271.46,292.84,305.27
2022-05-17,249.12,254.83,242.95,253.87,80236200,247.84,266.54,288.4,304.74
2022-05-18,248.17,253.5,233.6,236.6,87811800,246.23,258.45,283.94,304.12
2022-05-19,235.67,244.67,231.37,236.47,90296700,244.99,252.99,278.95,303.82
2022-05-20,238,240.53,211,221.3,144973200,237.94,246.26,273.26,303.06
2022-05-23,218.34,226.65,212.69,224.97,88903500,234.64,242.52,267.88,302.31
2022-05-24,217.84,217.97,206.86,209.39,89092500,225.75,236.79,263.74,300.96
2022-05-25,207.95,223.11,207.67,219.6,92139300,222.35,234.29,260.03,299.82
2022-05-26,220.47,239.56,217.89,235.91,106003200,222.23,233.61,257.2,298.86
2022-05-27,241.08,253.27,240.18,253.21,89295000,228.61,233.28,255.35,298.42
2022-05-31,257.95,259.6,244.74,252.75,101914500,234.17,234.41,252.94,297.98
2022-06-01,251.72,257.33,243.64,246.79,77247900,241.65,233.7,250.12,297.62
2022-06-02,244.16,264.21,242.07,258.33,93473100,249.4,235.87,247.16,297.35
2022-06-03,243.23,247.8,233.42,234.52,112393800,249.12,235.68,244.33,296.48
2022-06-06,244.35,244.87,234.35,238.28,84204600,246.13,237.37,241.82,295.8
2022-06-07,234,240,230.09,238.89,72808500,243.36,238.77,240.64,295.36
2022-06-08,240.09,249.96,239.18,241.87,76210500,242.38,242.01,239.4,295.13
2022-06-09,249.34,255.55,239.33,239.71,96491400,238.65,244.03,239.16,294.67
2022-06-10,235.16,239.5,227.91,232.23,97536600,238.19,243.66,238.63,293.87
2022-06-13,223.17,226.63,214.68,215.74,102767400,233.69,239.91,236.59,292.63
2022-06-14,218.29,226.33,211.74,220.89,97988700,230.09,236.72,235.57,291.28
2022-06-15,220.92,235.66,218.15,233,119131800,228.31,235.34,234.52,290.05
2022-06-16,222.74,225.17,208.69,213.1,107390700,222.99,230.82,233.35,288.08
2022-06-17,213.43,220.97,213.2,216.76,92641800,219.9,229.05,232.36,286.14
2022-06-21,224.6,243.58,224.33,237.04,122793000,224.16,228.92,233.15,284.45
2022-06-22,234.5,246.83,233.83,236.09,101107500,227.2,228.64,233.7,282.77
2022-06-23,237.91,239.32,228.64,235.07,104202600,227.61,227.96,234.99,280.63
2022-06-24,237.47,246.07,236.09,245.71,95770800,234.13,228.56,236.29,278.61
2022-06-27,249.37,252.07,242.57,244.92,89178300,239.76,229.83,236.74,276.62
2022-06-28,244.48,249.97,232.34,232.66,90391200,238.89,231.52,235.72,274.51
2022-06-29,230.5,231.17,222.27,228.49,82897200,237.37,232.28,234.5,272.29
2022-06-30,224.51,229.46,218.86,224.47,94600500,235.25,231.43,233.39,269.67
2022-07-01,227,230.23,222.12,227.26,74460300,231.56,232.85,231.83,267.39
2022-07-05,223,233.15,216.17,233.07,84581100,229.19,234.48,231.76,265.47
2022-07-06,230.78,234.56,227.19,231.73,71853600,229.01,233.95,231.43,263.46
2022-07-07,233.92,245.36,232.21,244.54,81930600,232.22,234.79,231.72,261.84
2022-07-08,242.33,254.98,241.16,250.76,101854200,237.47,236.36,232.16,260.59
2022-07-11,252.1,253.06,233.63,234.34,99241200,238.89,235.23,231.89,259.02
2022-07-12,236.85,239.77,228.37,233.07,87930900,238.89,234.04,231.94,257.22
2022-07-13,225.5,242.06,225.03,237.04,97954500,239.95,234.48,233,255.7
2022-07-14,234.9,238.65,229.33,238.31,78557400,238.71,235.46,233.87,254.09
2022-07-15,240,243.62,236.89,240.07,69683100,236.57,237.02,234.23,252.38
2022-07-18,244.94,250.52,239.6,240.55,82537500,237.81,238.35,235.6,250.96
2022-07-19,245,247.14,236.98,245.53,80890200,240.3,239.6,237.04,249.45
2022-07-20,246.78,250.66,243.48,247.5,88864200,242.39,241.17,237.56,247.99
2022-07-21,255.11,273.27,254.87,271.71,142032300,249.07,243.89,239.34,246.97
2022-07-22,276.22,280.79,270.71,272.24,103472700,255.51,246.04,241.2,246.64
2022-07-25,272.22,274.15,267.4,268.43,64073400,261.08,249.44,242.34,246.22
2022-07-26,266.51,267.31,256.26,258.86,66820800,263.75,252.02,243.03,245.66
2022-07-27,263.81,275.93,261.79,274.82,88110000,269.21,255.8,245.14,245.4
2022-07-28,280.07,283.3,272.8,280.9,84723000,271.05,260.06,247.76,245.07
2022-07-29,280.7,298.32,279.1,297.15,95313000,276.03,265.77,251.39,244.97
2022-08-01,301.28,311.88,295,297.28,117042900,281.8,271.44,254.9,244.63
2022-08-02,294,307.83,292.67,300.59,95577600,290.15,276.95,258.27,244.79
2022-08-03,305,309.55,301.15,307.4,80091000,296.66,282.94,262.05,245.1
2022-08-04,311,313.61,305,308.63,72256200,302.21,286.63,265.26,245.87
2022-08-05,302.67,304.61,285.54,288.17,113172900,300.41,288.22,267.13,246.23
2022-08-08,295,305.2,289.09,290.42,98994000,299.04,290.42,269.93,246.99
2022-08-09,290.29,292.4,279.35,283.33,86244600,295.59,292.87,272.45,247.67
2022-08-10,297.07,297.51,283.37,294.36,94918800,292.98,294.82,275.31,248.3
2022-08-11,296.51,298.24,285.83,286.63,70155000,288.58,295.4,277.73,249.06
2022-08-12,289.42,300.16,285.03,300.03,79657200,290.95,295.68,280.73,249.82
2022-08-15,301.79,313.13,301.23,309.32,89359200,294.73,296.89,284.17,251.04
2022-08-16,311.67,314.67,302.88,306.56,88136400,299.38,297.49,287.22,252.2
2022-08-17,303.4,309.66,300.03,304,68766000,301.31,297.15,290.04,253.58
2022-08-18,306,306.5,301.85,302.87,47500500,304.56,296.57,291.6,254.88
2022-08-19,299,300.36,292.5,296.67,61395300,303.88,297.42,292.82,256.34
2022-08-22,291.91,292.4,286.3,289.91,55843200,300,297.37,293.89,257.51
2022-08-23,291.45,298.83,287.92,296.45,63984900,297.98,298.68,295.77,258.52
2022-08-24,297.56,303.65,296.5,297.1,57259800,296.6,298.95,296.89,259.25
2022-08-25,302.36,302.96,291.6,296.07,53230000,295.24,299.9,297.65,259.97
2022-08-26,297.43,302,287.47,288.09,57163900,293.52,298.7,297.19,260.66
2022-08-29,282.83,287.74,280.7,284.82,41864700,292.51,296.25,296.57,261.1
2022-08-30,287.87,288.48,272.65,277.7,50541800,288.76,293.37,295.43,261.82
2022-08-31,280.62,281.25,271.81,275.61,52107300,284.46,290.53,293.84,262.44
2022-09-01,272.58,277.58,266.15,277.16,54287000,280.68,287.96,292.26,263.08
2022-09-02,281.07,282.35,269.08,270.21,50890100,277.1,285.31,291.37,263.55
2022-09-06,272.68,275.99,265.74,274.42,55860000,275.02,283.76,290.57,264.13
2022-09-07,273.1,283.84,272.27,283.7,50028900,276.22,282.49,290.58,264.99
2022-09-08,281.3,289.5,279.76,289.26,53713100,278.95,281.7,290.33,266.21
2022-09-09,291.67,299.85,291.25,299.68,54338100,283.45,282.07,290.98,267.53
2022-09-12,300.72,305.49,300.4,304.42,48674600,290.3,283.7,291.2,268.72
2022-09-13,292.9,297.4,290.4,292.13,68229600,293.84,284.43,290.34,270.03
2022-09-14,292.24,306,291.64,302.61,72628700,297.62,286.92,290.14,271.47
2022-09-15,301.83,309.12,300.72,303.75,64795500,300.52,289.73,290.13,272.58
2022-09-16,299.61,303.71,295.6,303.35,87087800,301.25,292.35,290.16,273.7
2022-09-19,300.09,309.84,297.8,309.07,60231200,302.18,296.24,290.78,274.93
2022-09-20,306.91,313.33,305.58,308.73,61642800,305.5,299.67,291.72,275.98
2022-09-21,308.29,313.8,300.63,300.8,62555700,305.14,301.38,291.93,276.91
2022-09-22,299.86,301.29,285.82,288.59,70545400,302.11,301.31,291.51,277.85
2022-09-23,283.09,284.5,272.82,275.33,63748400,296.5,298.88,290.47,278.63
2022-09-26,271.83,284.09,270.31,276.01,58076900,289.89,296.04,289.87,279.49
2022-09-27,283.84,288.67,277.51,282.94,61925200,284.73,295.12,289.77,280.41
2022-09-28,283.08,289,277.57,287.81,54664800,282.14,293.64,290.28,281.33
2022-09-29,282.76,283.65,265.78,268.21,77620600,278.06,290.08,289.91,281.93
2022-09-30,266.15,275.57,262.47,265.25,67726600,276.04,286.27,289.31,282.28
2022-10-03,254.5,255.16,241.01,242.4,98363500,269.32,279.61,287.92,282.14
2022-10-04,250.52,257.5,242.01,249.44,109578500,262.62,273.68,286.67,282.39
2022-10-05,245.01,246.67,233.27,240.81,86982700,253.22,267.68,284.53,282.52
2022-10-06,239.44,244.58,235.35,238.13,69298400,247.21,262.63,281.97,282.54
2022-10-07,233.94,234.57,222.02,223.07,83916800,238.77,257.41,278.14,282.28
2022-10-10,223.93,226.99,218.36,222.96,67925000,234.88,252.1,274.07,282
2022-10-11,220.95,225.75,215,216.5,77013200,228.29,245.46,270.29,281.6
2022-10-12,215.33,219.3,211.51,217.24,66860700,223.58,238.4,266.02,281.13
2022-10-13,208.3,222.99,206.22,221.72,91483000,220.3,233.75,261.92,280.7
2022-10-14,224.01,226.26,204.16,204.99,94124500,216.68,227.73,257,279.59
2022-10-17,210.04,221.86,209.45,219.35,79428800,215.96,225.42,252.51,278.7
2022-10-18,229.5,229.82,217.25,220.19,75891900,216.7,222.5,248.09,277.9
2022-10-19,219.8,222.93,217.78,222.04,66571500,217.66,220.62,244.15,277.29
2022-10-20,208.28,215.55,202,207.28,117798100,214.77,217.53,240.08,276.16
2022-10-21,206.42,214.66,203.8,214.44,75713800,216.66,216.67,237.04,275.05
2022-10-24,205.82,213.5,198.59,211.25,100446800,215.04,215.5,233.8,273.62
2022-10-25,210.1,224.35,210,222.42,96507900,215.49,216.09,230.78,272.37
2022-10-26,219.4,230.6,218.2,224.64,85012500,216.01,216.83,227.62,271.11
2022-10-27,229.77,233.81,222.85,225.09,61638800,219.57,217.17,225.46,269.74
2022-10-28,225.4,228.86,216.35,228.52,69152400,222.38,219.52,223.62,268.4
2022-10-31,226.19,229.85,221.94,227.54,61554300,225.64,220.34,222.88,267.39
2022-11-01,234.05,237.4,227.28,227.82,62688800,226.72,221.1,221.8,266.35
2022-11-02,226.04,227.87,214.82,214.98,63070300,224.79,220.4,220.51,265.21
2022-11-03,211.36,221.2,210.14,215.31,56538800,222.83,221.2,219.37,263.89
2022-11-04,222.6,223.8,203.08,207.47,98622200,218.62,220.5,218.59,262.57
2022-11-07,208.65,208.9,196.66,197.08,93916500,212.53,219.09,217.29,260.85
2022-11-08,194.02,195.2,186.75,191.3,128803400,205.23,215.98,216.03,258.89
2022-11-09,190.78,195.89,177.12,177.59,127062700,197.75,211.27,214.05,256.74
2022-11-10,189.9,191,180.03,190.72,132703000,192.83,207.83,212.5,254.85
2022-11-11,186,196.52,182.59,195.97,114403600,190.53,204.58,212.05,253.07
2022-11-14,192.77,195.73,186.34,190.95,92226600,189.31,200.92,210.63,251.31
2022-11-15,195.88,200.82,192.06,194.42,91293800,189.93,197.58,209.34,249.72
2022-11-16,191.51,192.57,185.66,186.92,66567600,191.8,194.77,207.59,247.89
2022-11-17,183.96,186.16,180.9,183.17,64336000,190.29,191.56,206.38,245.99
2022-11-18,185.05,185.19,176.55,180.19,76048900,187.13,188.83,204.67,244.06
2022-11-21,175.85,176.77,167.54,167.87,92882700,182.51,185.91,202.5,242.06
2022-11-22,168.63,170.92,166.19,169.91,78452300,177.61,183.77,199.87,240.14
2022-11-23,173.57,183.62,172.5,183.2,109536700,176.87,184.33,197.8,238.57
2022-11-25,185.06,185.2,180.63,182.86,50672700,176.81,183.55,195.69,237.02
2022-11-28,179.96,188.5,179,182.92,92905200,177.35,182.24,193.41,235.45
2022-11-29,184.99,186.38,178.75,180.83,83357100,179.94,181.23,191.07,233.96
2022-11-30,182.43,194.76,180.63,194.7,109186400,184.9,181.26,189.42,232.63
2022-12-01,197.08,198.92,191.8,194.7,80046200,187.2,182.03,188.4,231.15
2022-12-02,191.78,196.25,191.11,194.86,73645900,189.6,183.2,187.38,229.57
2022-12-05,189.44,191.27,180.55,182.45,93122700,189.51,183.43,186.13,227.62
2022-12-06,181.22,183.65,175.33,179.82,92150800,189.31,184.63,185.27,225.54
2022-12-07,175.03,179.38,172.22,174.04,84213300,185.17,185.04,184.4,223.58
2022-12-08,172.2,175.2,169.06,173.44,97624500,180.92,184.06,184.2,221.42
2022-12-09,173.84,182.5,173.36,179.05,104872300,177.76,183.68,183.61,219.34
2022-12-12,176.1,177.37,167.52,167.82,109794500,174.83,182.17,182.21,217.09
2022-12-13,174.87,175.05,156.91,160.95,175862700,171.06,180.18,180.71,214.62
2022-12-14,159.25,161.62,155.31,156.8,140682300,167.61,176.39,178.83,212.08
2022-12-15,153.44,160.93,153.28,157.67,122334500,164.46,172.69,177.36,209.7
2022-12-16,159.64,160.99,150.04,150.23,139032200,158.69,168.23,175.72,207.39
2022-12-19,154,155.25,145.82,149.87,139390600,155.1,164.97,174.2,205.3
2022-12-20,146.05,148.47,137.66,137.8,159563300,150.47,160.77,172.7,203
2022-12-21,139.34,141.26,135.89,137.57,145417400,146.63,157.12,171.08,200.58
2022-12-22,136,136.63,122.26,125.35,210090300,140.16,152.31,168.19,197.87
2022-12-23,126.37,128.62,121.02,123.15,166989700,134.75,146.72,165.2,195.45
2022-12-27,117.5,119.67,108.76,109.1,208643400,126.59,140.85,161.51,192.85
2022-12-28,110.35,116.27,108.24,112.71,221070500,121.58,136.03,158.1,190.69
2022-12-29,120.39,123.57,117.5,121.82,221923300,118.43,132.53,154.46,188.56
2022-12-30,119.95,124.48,119.75,123.18,157777300,117.99,129.08,150.88,186.6
2023-01-03,118.47,118.8,104.64,108.1,231402800,114.98,124.87,146.55,184.43
2023-01-04,109.11,114.59,107.52,113.64,180389000,115.89,121.24,143.11,182.61
2023-01-05,110.51,111.75,107.16,110.34,157986300,115.42,118.5,139.63,180.73
2023-01-06,103,114.39,101.81,113.06,220911100,113.66,116.04,136.58,179.01
2023-01-09,118.96,123.52,117.11,119.77,190284000,112.98,115.49,133.9,177.38
2023-01-10,121.07,122.76,114.92,118.85,167642500,115.13,115.06,130.89,175.67
2023-01-11,122.09,125.95,120.51,123.22,183810800,117.05,116.47,128.66,174.3
2023-01-12,122.56,124.13,117,123.56,169400900,119.69,117.55,126.79,172.71
2023-01-13,116.55,122.63,115.6,122.4,180714100,121.56,117.61,125.07,171.08
2023-01-17,125.7,131.7,125.02,131.49,186477000,123.9,118.44,123.76,169.57
2023-01-18,136.56,136.68,127.01,128.78,195680300,125.89,120.51,122.69,168.26
2023-01-19,127.26,129.99,124.31,127.17,170291900,126.68,121.86,121.55,166.81
2023-01-20,128.68,133.51,127.35,133.42,138858100,128.65,124.17,121.33,165.51
2023-01-23,135.87,145.38,134.27,143.75,203119200,132.92,127.24,121.64,164.2
2023-01-24,143,146.5,141.1,143.89,158699100,135.4,129.65,122.57,162.85
2023-01-25,141.91,146.41,138.07,144.43,192734300,138.53,132.21,123.63,161.51
2023-01-26,159.97,161.42,154.76,160.27,234815100,145.15,135.92,126.19,160.37
2023-01-27,162.43,180.68,161.17,177.9,306590600,154.05,141.35,129.45,159.54
2023-01-30,178.05,179.77,166.5,166.66,230878800,158.63,145.78,131.69,158.52
2023-01-31,164.57,174.3,162.78,173.22,196813500,164.5,149.95,134.2,157.83
2023-02-01,173.89,183.81,169.93,181.41,213806300,171.89,155.21,137.86,157.26
2023-02-02,187.33,196.75,182.61,188.27,217448300,177.49,161.32,141.59,156.94
2023-02-03,183.95,199,183.69,189.98,232662000,179.91,166.98,145.57,156.82
2023-02-06,193.01,198.17,189.92,194.76,186188100,185.53,172.08,149.66,156.88
2023-02-07,196.43,197.5,189.55,196.81,186010300,190.25,177.37,153.51,157.2
2023-02-08,196.1,203,194.31,201.29,180673600,194.22,183.06,157.63,157.38
2023-02-09,207.78,214,204.77,207.32,215431400,198.03,187.76,161.84,157.57
2023-02-10,202.23,206.2,192.89,196.89,204754100,199.41,189.66,165.51,157.67
2023-02-13,194.42,196.3,187.61,194.64,172475500,199.39,192.46,169.12,157.67
2023-02-14,191.94,209.82,189.44,209.25,216455700,201.88,196.06,173.01,158.04
2023-02-15,211.76,214.66,206.11,214.24,181006400,204.47,199.34,177.28,158.56
2023-02-16,210.78,217.65,201.84,202.04,229586500,203.41,200.72,181.02,158.92
2023-02-17,199.99,208.44,197.5,208.31,213738500,205.7,202.55,184.77,159.6
2023-02-21,204.99,209.71,197.22,197.37,180018600,206.24,202.82,187.45,160.06
2023-02-22,197.93,201.99,191.78,200.86,191828500,204.56,203.22,190.3,160.35
2023-02-23,203.91,205.14,196.33,202.07,146360000,202.13,203.3,193.18,160.67
2023-02-24,196.33,197.67,192.8,196.88,142228100,201.1,202.26,195.01,160.9
2023-02-27,202.03,209.42,201.26,207.63,161028300,200.96,203.33,196.5,161.35
2023-02-28,210.59,211.23,203.75,205.71,153144900,202.63,204.44,198.45,161.53
2023-03-01,206.21,207.2,198.52,202.77,156852800,203.01,203.79,199.93,161.67
2023-03-02,186.74,193.75,186.01,190.9,181500700,200.78,201.45,200.4,161.6
2023-03-03,194.8,200.48,192.88,197.79,154193300,200.96,201.03,200.88,161.86
2023-03-06,198.54,198.6,192.3,193.81,128100100,198.2,199.58,201.07,162.09
2023-03-07,191.38,194.2,186.1,187.71,148125800,194.6,198.61,200.71,162.32
2023-03-08,185.04,186.5,180,182,151897800,190.44,196.73,199.97,162.46
2023-03-09,180.25,185.18,172.51,172.92,170023800,186.85,193.81,198.56,162.36
2023-03-10,175.13,178.29,168.44,173.44,191488900,181.98,191.47,196.86,162.45
2023-03-13,167.46,177.35,163.91,174.48,167790300,178.11,188.15,195.74,162.68
2023-03-14,177.31,183.8,177.14,183.26,143717900,177.22,185.91,195.17,163.12
2023-03-15,180.8,182.34,176.03,180.45,145995600,176.91,183.68,193.73,163.5
2023-03-16,180.37,185.81,178.84,184.13,121136800,179.15,183,192.23,164.06
2023-03-17,184.52,186.22,177.33,180.13,133197100,180.49,181.23,191.13,164.57
2023-03-20,178.08,186.44,176.35,183.25,129684400,182.24,180.18,189.88,165.33
2023-03-21,188.28,198,188.04,197.58,153391400,185.11,181.16,189.89,166.33
2023-03-22,199.3,200.66,190.95,191.15,150376400,187.25,182.08,189.4,167.42
2023-03-23,195.26,199.31,188.65,192.22,144193900,188.87,184.01,188.91,168.57
2023-03-24,191.65,192.36,187.15,190.41,116312400,190.92,185.71,188.59,169.93
2023-03-27,194.42,197.39,189.94,191.81,120851600,192.63,187.44,187.8,171.25
2023-03-28,192,192.35,185.43,189.19,98654600,190.96,188.03,186.97,172.37
2023-03-29,193.13,195.29,189.44,193.88,123660000,191.5,189.38,186.53,173.55
2023-03-30,195.58,197.33,194.42,195.28,110252200,192.11,190.49,186.74,175
2023-03-31,197.53,207.79,197.2,207.46,170222100,195.52,193.22,187.23,176.57
2023-04-03,199.91,202.69,192.2,194.77,169545900,196.12,194.38,187.28,177.97
2023-04-04,197.32,198.74,190.32,192.58,126463800,196.79,193.88,187.52,179.3
2023-04-05,190.52,190.68,183.76,185.52,133882500,195.12,193.31,187.7,180.39
2023-04-06,183.08,186.39,179.74,185.06,123857900,193.08,192.6,188.3,181.5
2023-04-10,179.94,185.1,176.11,184.51,142154600,188.49,192.01,188.86,182.52
2023-04-11,186.69,189.19,185.65,186.79,115770900,186.89,191.5,189.47,183.57
2023-04-12,190.74,191.58,180.31,180.54,150256300,184.48,190.64,189.34,184.54
2023-04-13,182.96,186.5,180.94,185.9,112933000,184.56,189.84,189.61,185.45
2023-04-14,183.95,186.28,182.01,185,96438700,184.55,188.81,189.65,186.39
2023-04-17,186.32,189.69,182.69,187.04,116662200,185.05,186.77,190,187.38
2023-04-18,187.15,187.69,183.58,184.31,92067000,184.56,185.72,190.05,188.23
2023-04-19,179.1,183.5,177.65,180.59,125732700,184.57,184.53,189.2,188.85
2023-04-20,166.17,169.7,160.56,162.99,210970800,179.99,182.27,187.79,189.16
2023-04-21,164.8,166,161.32,165.08,123539000,176,180.27,186.44,189.51
2023-04-24,164.65,165.65,158.61,162.55,140006600,171.1,178.08,185.04,189.55
2023-04-25,159.82,163.47,158.75,160.67,121999300,166.38,175.47,183.49,189.26
2023-04-26,160.29,160.67,153.14,153.75,153364100,161.01,172.79,181.71,189.04
2023-04-27,152.64,160.48,152.37,160.19,127015200,160.45,170.22,180.03,188.83
2023-04-28,160.9,165,157.32,164.31,122515800,160.29,168.15,178.48,188.54
2023-05-01,163.17,163.28,158.83,161.83,109015000,160.15,165.63,176.2,188.1
2023-05-02,161.88,165.49,158.93,160.31,128259700,160.08,163.23,174.48,187.61
2023-05-03,160.01,165,159.91,160.61,119728000,161.45,161.23,172.88,187.04
2023-05-04,162.71,162.95,159.65,161.2,95108500,161.65,161.05,171.66,186.44
2023-05-05,163.97,170.79,163.51,170.06,107607300,162.8,161.55,170.91,185.92
2023-05-08,173.72,173.8,169.19,171.79,112249400,164.79,162.47,170.28,185.33
2023-05-09,168.95,169.82,166.56,169.15,88965000,166.56,163.32,169.39,184.87
2023-05-10,172.55,174.43,166.68,168.54,119840700,168.15,164.8,168.79,184.43
2023-05-11,168.7,173.57,166.79,172.08,103889900,170.32,165.99,168.1,183.81
2023-05-12,176.07,177.38,167.23,167.98,157849600,169.91,166.35,167.25,183.04
2023-05-15,167.66,169.76,164.55,166.35,105592500,168.82,166.81,166.22,182.45
2023-05-16,165.65,169.52,164.35,166.52,98288800,168.29,167.43,165.33,181.75
2023-05-17,168.41,174.5,167.19,173.86,125473600,169.36,168.75,164.99,181.36
2023-05-18,174.22,177.06,172.45,176.89,109520300,170.32,170.32,165.69,180.96
2023-05-19,177.17,181.95,176.31,180.14,136196700,172.75,171.33,166.44,180.59
2023-05-22,180.7,189.32,180.11,188.87,132001400,177.26,173.04,167.75,180.46
2023-05-23,186.2,192.96,185.26,185.77,156952100,181.11,174.7,169.01,180.1
2023-05-24,182.23,184.22,178.22,182.9,137605100,182.91,176.14,170.47,179.72
2023-05-25,186.54,186.78,180.58,184.47,96870700,184.43,177.38,171.68,179.41
2023-05-26,184.62,198.6,184.53,193.17,162061500,187.04,179.89,173.12,179.45
2023-05-30,200.1,204.48,197.53,201.16,128818700,189.49,183.38,175.09,179.51
2023-05-31,199.78,203.95,195.12,203.93,150711700,193.13,187.12,177.27,179.67
2023-06-01,202.59,209.8,199.37,207.52,148029900,198.05,190.48,179.62,180
2023-06-02,210.15,217.25,209.75,213.97,164398400,203.95,194.19,182.26,180.54
2023-06-05,217.8,221.29,214.52,217.61,151143100,208.84,197.94,184.63,181.28
2023-06-06,216.14,221.91,212.53,221.31,146911600,212.87,201.18,187.11,182.08
2023-06-07,228,230.83,223.2,224.57,185710800,217,205.06,189.88,182.92
2023-06-08,224.22,235.23,223.01,234.86,164489700,222.46,210.26,193.2,183.78
2023-06-09,249.07,252.42,242.02,244.4,200242400,228.55,216.25,196.81,184.84
2023-06-12,247.94,250.97,244.59,249.83,150337900,234.99,221.92,200.91,185.94
2023-06-13,253.51,259.68,251.34,258.71,162384300,242.47,227.67,205.52,187.25
2023-06-14,260.17,261.57,250.5,256.79,170575500,248.92,232.96,210.04,188.47
2023-06-15,248.4,258.95,247.29,255.9,160171200,253.13,237.79,214.14,189.44
2023-06-16,258.92,263.6,257.21,260.54,167915600,256.35,242.45,218.32,190.6
2023-06-20,261.5,274.75,261.12,274.45,165611200,261.28,248.14,223.04,191.97
2023-06-21,275.13,276.99,257.78,259.46,211797100,261.43,251.95,226.57,193.12
2023-06-22,250.77,265,248.25,264.61,166875900,262.99,255.95,230.51,194.33
2023-06-23,259.29,262.45,252.8,256.6,177460800,263.13,258.13,234.19,195.46
2023-06-26,250.07,258.37,240.7,241.05,179990600,259.23,257.79,237.02,196.24
2023-06-27,243.24,250.39,240.85,250.21,164968200,254.39,257.83,239.87,197.16
2023-06-28,249.7,259.88,248.89,256.24,159770800,253.74,257.59,242.63,197.97
2023-06-29,258.03,260.74,253.61,257.5,131283400,252.32,257.66,245.31,199.02
2023-06-30,260.6,264.45,259.89,261.77,112620800,253.35,258.24,248.02,200.17
2023-07-03,276.49,284.25,275.11,279.82,119685900,261.11,260.17,251.31,201.74
2023-07-05,278.82,283.85,277.6,282.48,131530900,267.56,260.97,254.56,203.37
2023-07-06,278.09,279.97,272.88,276.54,120332100,271.62,262.68,257.32,204.9
2023-07-07,278.43,280.78,273.77,274.43,113879200,275.01,263.66,259.81,206.36
2023-07-10,276.47,277.52,265.1,269.61,119425400,276.58,264.96,261.55,207.85
2023-07-11,268.65,270.9,266.37,269.79,91972400,274.57,267.84,262.82,209.24
2023-07-12,276.33,276.52,271.46,271.99,95672100,272.47,270.02,263.92,210.69
2023-07-13,274.59,279.45,270.6,277.9,112681500,272.74,272.18,264.88,212.21
2023-07-14,277.01,285.3,276.31,281.38,120062400,274.13,274.57,266.11,213.83
2023-07-17,286.63,292.23,283.57,290.38,131569600,278.29,277.43,267.84,215.66
2023-07-18,290.15,295.26,286.01,293.34,112120300,283,278.78,269.48,217.83
2023-07-19,296.04,299.29,289.52,291.26,142355400,286.85,279.66,270.32,219.93
2023-07-20,279.56,280.93,261.2,262.9,175158300,283.85,278.3,270.49,221.6
2023-07-21,268,268,255.8,260.02,161796100,279.58,276.86,270.26,223.26
2023-07-24,255.85,269.85,254.12,269.06,136508500,275.32,276.8,270.88,225.18
2023-07-25,272.38,272.9,265,265.28,112757300,269.7,276.35,272.09,226.93
2023-07-26,263.25,268.04,261.75,264.35,95856200,264.32,275.59,272.8,228.6
2023-07-27,268.31,269.13,255.3,255.71,103697300,262.88,273.37,272.78,230.16
2023-07-28,259.86,267.25,258.23,266.44,111446000,264.17,271.87,273.22,231.93
2023-07-31,267.48,269.08,263.78,267.43,84582200,263.84,269.58,273.51,233.71
2023-08-01,266.26,266.47,260.25,261.07,83166000,263,266.35,272.57,235.38
2023-08-02,255.57,259.52,250.49,254.11,101752900,260.95,262.64,271.15,236.78
2023-08-03,252.04,260.49,252,259.32,97569100,261.67,262.28,270.29,238.24
2023-08-04,260.97,264.77,253.11,253.86,99539900,259.16,261.66,269.26,239.65
2023-08-07,251.45,253.65,242.76,251.45,111097900,255.96,259.9,268.35,241.03
2023-08-08,247.45,250.92,245.01,249.7,96642200,253.69,258.34,267.35,242.33
2023-08-09,250.87,251.1,241.9,242.19,101596300,251.3,256.13,265.86,243.56
2023-08-10,245.4,251.8,243,245.34,109498600,248.51,255.09,264.23,244.88
2023-08-11,241.77,243.79,238.02,242.65,99038600,246.27,252.71,262.29,246.15
2023-08-14,235.7,240.66,233.75,239.76,98595300,243.93,249.94,259.76,247.25
2023-08-15,238.73,240.5,232.61,232.96,88197600,240.58,247.13,256.74,248.18
2023-08-16,228.02,233.97,225.38,225.6,112484500,237.26,244.28,253.46,248.94
2023-08-17,226.06,226.74,218.83,219.22,120718400,232.04,240.27,251.28,249.44
2023-08-18,214.12,217.58,212.36,215.49,136276600,226.61,236.44,249.05,249.94
2023-08-21,221.55,232.13,220.58,231.28,135702700,224.91,234.42,247.16,250.75
2023-08-22,240.25,240.82,229.55,233.19,130442800,224.96,232.77,245.56,251.56
2023-08-23,229.34,238.98,229.29,236.86,101077600,227.21,232.24,244.18,252.29
2023-08-24,238.66,238.92,228.18,230.04,99777400,229.37,230.71,242.9,252.77
2023-08-25,231.31,239,230.35,238.59,106612200,233.99,230.3,241.51,253.34
2023-08-28,242.58,244.38,235.35,238.82,107673700,235.5,230.21,240.08,253.87
2023-08-29,238.58,257.48,237.77,257.18,134047600,240.3,232.63,239.88,254.59
2023-08-30,254.2,260.51,250.59,256.9,121988400,244.31,235.76,240.02,255.24
2023-08-31,255.98,261.18,255.05,258.08,108861700,249.91,239.64,239.96,255.85
2023-09-01,257.26,259.08,242.01,245.01,132541600,251.2,242.59,239.52,256.19
2023-09-05,245,258,244.86,256.49,129469600,254.73,245.12,239.77,256.56
2023-09-06,255.14,255.39,245.06,251.92,116959800,253.68,246.99,239.88,256.68
2023-09-07,245.07,252.81,243.27,251.49,115312900,252.6,248.45,240.34,256.71
2023-09-08,251.22,256.52,246.67,248.5,118367700,250.68,250.3,240.5,256.54
2023-09-11,264.27,274.85,260.61,273.58,174667900,256.4,253.8,242.05,256.82
2023-09-12,270.76,278.39,266.6,267.48,135999900,258.59,256.66,243.43,257.01
2023-09-13,270.07,274.98,268.1,271.3,111673700,262.47,258.07,245.35,257.19
2023-09-14,271.32,276.71,270.42,276.04,107709800,267.38,259.99,247.87,257.22
2023-09-15,277.55,278.98,271,274.39,133692300,272.56,261.62,250.63,257.47
2023-09-18,271.16,271.44,263.76,265.28,101543300,270.9,263.65,253.12,257.48
2023-09-19,264.35,267.85,261.2,266.5,103704000,270.7,264.65,254.88,257.64
2023-09-20,267.04,273.93,262.46,262.59,122514600,268.96,265.72,256.35,258
2023-09-21,257.85,260.86,254.21,255.7,119951500,264.89,266.14,257.29,258.09
2023-09-22,257.4,257.79,244.48,244.88,127524100,258.99,265.77,258.04,257.9
2023-09-25,243.38,247.1,238.31,246.99,104636600,255.33,263.12,258.46,257.73
2023-09-26,242.98,249.55,241.66,244.12,101993600,250.86,260.78,258.72,257.43
2023-09-27,244.26,245.33,234.58,240.5,136597200,246.44,257.7,257.89,256.78
2023-09-28,240.02,247.55,238.65,246.38,117058900,244.57,254.73,257.36,256.18
2023-09-29,250,254.77,246.35,250.22,128522700,245.64,252.32,256.97,255.74
2023-10-02,244.81,254.28,242.62,251.6,123810400,246.56,250.95,257.3,255.36
2023-10-03,248.61,250.02,244.45,246.53,101985300,247.05,248.95,256.8,254.97
2023-10-04,248.14,261.86,247.6,261.16,129721600,251.18,248.81,257.26,254.83
2023-10-05,260,263.6,256.25,260.05,119159200,253.91,249.24,257.69,254.63
2023-10-06,253.98,261.65,250.65,260.53,118121800,255.97,250.81,258.29,254.34
2023-10-09,255.31,261.36,252.05,259.67,101377900,257.59,252.08,257.6,253.98
2023-10-10,257.75,268.94,257.65,263.62,122656000,261.01,254.03,257.4,253.53
2023-10-11,266.2,268.6,260.9,262.99,103706300,261.37,256.27,256.99,253.03
2023-10-12,262.92,265.41,256.63,258.87,111508100,261.14,257.52,256.13,252.49
2023-10-13,258.9,259.6,250.22,251.12,102073800,259.25,257.61,254.96,252.29
2023-10-16,250.05,255.4,248.48,253.92,88917200,258.1,257.85,254.4,252.19
2023-10-17,250.1,257.18,247.08,254.85,93562900,256.35,258.68,253.81,251.95
2023-10-18,252.7,254.63,242.08,242.68,125147800,252.29,256.83,252.82,251.58
2023-10-19,225.95,230.61,216.78,220.11,170772700,244.54,252.84,251.04,250.84
2023-10-20,217.01,218.86,210.42,211.99,138010100,236.71,247.98,249.39,250.11
2023-10-23,210,216.98,202.51,212.08,150683400,228.34,243.22,247.65,249.2
2023-10-24,216.5,222.05,214.11,216.52,118231100,220.68,238.51,246.27,248.36
2023-10-25,215.88,220.1,212.2,212.42,107065100,214.62,233.46,244.87,247.54
2023-10-26,211.32,214.8,204.88,205.76,115112600,211.75,228.14,242.83,246.74
2023-10-27,210.6,212.41,205.77,207.3,94881200,210.82,223.76,240.69,245.87
2023-10-30,209.28,210.88,194.67,197.36,136448200,207.87,218.11,237.98,244.93
2023-10-31,196.12,202.8,194.07,200.84,118068300,204.74,212.71,235.69,244.09
2023-11-01,204.04,205.99,197.85,205.66,121661700,203.38,209,232.92,243.35
2023-11-02,212.97,219.2,211.45,218.51,125987600,205.93,208.84,230.84,242.96
2023-11-03,221.15,226.37,218.4,219.96,119534800,208.47,209.64,228.81,242.53
2023-11-06,223.98,226.32,215,219.27,117335800,212.85,210.36,226.79,242.14
2023-11-07,219.98,223.12,215.72,222.18,116900100,217.12,210.93,224.72,241.85
2023-11-08,223.15,224.15,217.64,222.11,106584800,220.41,211.89,222.68,241.67
2023-11-09,219.75,220.8,206.68,209.98,142110500,218.7,212.32,220.23,241.41
2023-11-10,210.03,215.38,205.69,214.65,130994000,217.64,213.05,218.41,241.33
2023-11-13,215.6,225.4,211.61,223.71,140447600,218.53,215.69,216.9,241.47
2023-11-14,235.03,238.14,230.72,237.41,149771600,221.57,219.34,216.03,241.57
2023-11-15,239.29,246.7,236.45,242.84,150354000,225.72,223.06,216.03,241.73
2023-11-16,239.49,240.88,230.96,233.59,136816800,230.44,224.57,216.71,241.68
2023-11-17,232,237.39,226.54,234.3,142532800,234.37,226,217.82,241.75
2023-11-20,234.04,237.1,231.02,235.6,116320100,236.75,227.64,219,241.7
2023-11-21,235.04,243.62,233.34,241.2,122288000,237.51,229.54,220.23,241.74
2023-11-22,242.04,244.01,231.4,234.21,117950600,235.78,230.75,221.32,241.36
2023-11-24,233.75,238.75,232.33,235.45,65125200,236.15,233.3,222.81,241
2023-11-27,236.89,238.33,232.1,236.08,112031800,236.51,235.44,224.25,240.63
2023-11-28,236.68,247,234.01,246.72,148549900,238.73,237.74,226.71,240.66
2023-11-29,249.21,252.75,242.76,244.14,135401300,239.32,238.41,228.88,240.46
2023-11-30,245.14,245.22,236.91,240.08,132353200,240.49,238.14,230.6,240.26
2023-12-01,233.14,240.19,231.9,238.83,121331700,241.17,238.66,231.62,240.05
2023-12-04,235.75,239.37,233.29,235.58,104099800,241.07,238.79,232.4,239.83
2023-12-05,233.87,246.66,233.7,238.72,137971100,239.47,239.1,233.37,239.25
2023-12-06,242.92,246.57,239.17,239.37,126436200,238.52,238.92,234.23,238.78
2023-12-07,241.55,244.08,236.98,242.64,107142300,239.03,239.76,235.26,238.31
2023-12-08,240.27,245.27,239.27,243.84,103126800,240.03,240.6,236.95,237.77
2023-12-11,242.74,243.44,237.45,239.74,97913900,240.86,240.97,238.2,237.19
2023-12-12,238.55,238.99,233.87,237.01,95328300,240.52,239.99,238.87,236.72
2023-12-13,234.19,240.3,228.2,239.29,146286300,240.5,239.51,238.96,236.27
2023-12-14,241.22,253.88,240.79,251.05,160829200,242.19,240.61,239.37,236.07
2023-12-15,251.21,254.13,248.3,253.5,135932800,244.12,242.07,240.37,236.04
2023-12-18,253.78,258.74,251.36,252.08,116416500,246.59,243.72,241.26,236.16
2023-12-19,253.48,258.34,253.01,257.22,106737400,250.63,245.57,242.34,236.33
2023-12-20,256.41,259.84,247,247.14,125097000,252.2,246.35,242.63,236.38
2023-12-21,251.9,254.8,248.55,254.5,109594200,252.89,247.54,243.65,236.61
2023-12-22,256.76,258.22,251.37,252.54,93370100,252.7,248.41,244.5,236.71
2023-12-26,254.49,257.97,252.91,256.61,86892400,253.6,250.09,245.53,236.82
2023-12-27,258.35,263.34,257.52,261.44,106494400,254.45,252.54,246.27,236.99
2023-12-28,263.66,265.13,252.71,253.18,113619900,255.65,253.93,246.72,237.1
2023-12-29,255.1,255.19,247.43,248.48,100891600,254.45,253.67,247.14,236.88
2024-01-02,250.08,251.25,244.41,248.42,104654200,253.63,253.16,247.62,236.69
2024-01-03,244.98,245.68,236.32,238.45,121082600,249.99,251.8,247.76,236.32
2024-01-04,239.25,242.7,237.73,237.93,102629300,245.29,249.87,247.72,235.96
2024-01-05,236.86,240.12,234.9,237.49,92488900,242.15,248.9,247.63,235.53
2024-01-08,236.14,241.25,235.3,240.45,85166600,240.55,247.5,247.52,235.15
2024-01-09,238.11,238.96,232.04,234.96,96705700,237.86,245.74,247.07,234.75
2024-01-10,235.1,235.5,231.29,233.94,91628500,236.95,243.47,246.78,234.46
2024-01-11,230.57,230.93,225.37,227.22,105873600,234.81,240.05,246.29,234.02
2024-01-12,220.08,225.34,217.15,218.89,123043800,231.09,236.62,245.27,233.42
2024-01-16,215.1,223.49,212.18,219.91,115355000,226.98,233.77,243.72,233.04
2024-01-17,214.86,215.67,212.01,215.55,103164400,223.1,230.48,241.82,232.96
2024-01-18,216.88,217.45,208.74,211.88,108595400,218.69,227.82,239.81,232.96
2024-01-19,209.99,213.19,207.56,212.19,102260300,215.68,225.25,237.56,232.96
2024-01-22,212.26,217.8,206.27,208.8,117952500,213.67,222.38,235.64,232.84
2024-01-23,211.3,215.65,207.75,209.14,106605900,211.51,219.25,233.37,232.78
2024-01-24,211.88,212.73,206.77,207.83,123369900,209.97,216.54,231.14,232.82
2024-01-25,189.7,193,180.06,182.63,198076800,204.12,211.4,227.44,232.4
2024-01-26,185.5,186.78,182.1,183.25,107343200,198.33,207.01,223.53,232.17
2024-01-29,185.63,191.48,183.67,190.93,125013100,194.76,204.21,220.42,232
2024-01-30,195.33,196.36,190.61,191.59,109982300,191.25,201.38,217.57,231.77
2024-01-31,187,193.97,185.85,187.29,103221400,187.14,198.55,214.52,231.25
2024-02-01,188.5,189.88,184.28,188.86,91843300,188.38,196.25,212.04,230.73
2024-02-02,185.04,188.69,182,187.91,110612700,189.32,193.82,209.54,230.21
2024-02-05,184.26,184.68,175.01,181.06,134294400,187.34,191.05,206.71,229.52
2024-02-06,177.21,186.49,177.11,185.1,122676000,186.04,188.64,203.95,228.91
2024-02-07,188.18,189.79,182.68,187.58,111535200,186.1,186.62,201.58,228.53
2024-02-08,189,191.62,185.58,189.56,83034000,186.24,187.31,199.36,228.11
2024-02-09,190.18,194.12,189.48,193.57,84476300,187.37,188.34,197.68,227.61
2024-02-12,192.11,194.73,187.28,188.13,95498600,188.79,188.07,196.14,226.79
2024-02-13,183.99,187.26,182.11,184.02,86759500,188.57,187.31,194.34,225.81
2024-02-14,185.3,188.89,183.35,188.71,81203000,188.8,187.45,193,225.06
2024-02-15,189.16,200.88,188.86,200.45,120831800,190.98,188.61,192.43,224.5
2024-02-16,202.06,203.17,197.4,199.95,111346700,192.25,189.81,191.82,223.9
2024-02-20,196.13,198.6,189.13,193.76,104545800,193.38,191.08,191.07,223.11
2024-02-21,193.36,199.44,191.95,194.77,103500300,195.53,192.05,190.35,222.46
2024-02-22,194,198.32,191.36,197.41,92739500,197.27,193.03,189.83,221.82
2024-02-23,195.31,197.57,191.5,191.97,78841900,195.57,193.27,190.29,221.09
2024-02-26,192.29,201.78,192,199.4,111747100,195.46,193.86,191.1,220.3
2024-02-27,204.04,205.6,198.26,199.73,108645400,196.66,195.02,191.54,219.56
2024-02-28,200.42,205.3,198.44,202.04,99806200,198.11,196.82,192.06,218.92
2024-02-29,204.18,205.28,198.45,201.88,85907000,199,198.14,192.79,218.31
2024-03-01,200.52,204.52,198.5,202.64,82243100,201.14,198.35,193.48,217.76
2024-03-04,198.73,199.75,186.72,188.14,134334900,198.89,197.17,193.49,216.92
2024-03-05,183.05,184.59,177.57,180.74,119660800,195.09,195.87,193.48,215.94
2024-03-06,179.99,181.58,173.7,176.54,107920900,189.99,194.05,193.05,214.84
2024-03-07,174.35,180.04,173.7,178.65,102129000,185.34,192.17,192.6,213.75
2024-03-08,181.5,182.73,174.7,175.34,85544600,179.88,190.51,191.89,212.68
2024-03-11,175.45,182.87,174.8,177.77,85391500,177.81,188.35,191.1,211.69
2024-03-12,177.77,179.43,172.41,177.54,87391700,177.17,186.13,190.57,210.66
2024-03-13,173.05,176.05,169.15,169.48,106524500,175.76,182.87,189.85,209.3
2024-03-14,167.77,171.17,160.51,162.5,126325700,172.53,178.93,188.53,207.79
2024-03-15,163.16,165.18,160.76,163.57,97146800,170.17,175.03,186.69,206.31
2024-03-18,170.02,174.72,165.9,173.8,108214400,169.38,173.59,185.38,204.92
2024-03-19,172.36,172.82,167.42,171.32,77271400,168.13,172.65,184.26,203.66
2024-03-20,173,176.25,170.82,175.66,83846700,169.37,172.56,183.31,202.34
2024-03-21,176.39,178.18,171.8,172.82,73178000,171.43,171.98,182.08,201.01
2024-03-22,166.69,171.2,166.3,170.83,75580600,172.89,171.53,181.02,199.58
2024-03-25,168.76,175.24,168.73,172.63,74228600,172.65,171.02,179.68,198.1
2024-03-26,178.58,184.25,177.38,177.67,113186200,173.92,171.03,178.58,196.85
2024-03-27,181.41,181.91,176,179.83,81804000,174.76,172.06,177.47,195.7
2024-03-28,177.45,179.57,175.3,175.79,77654800,175.35,173.39,176.16,194.49
2024-04-01,176.17,176.75,170.21,175.22,81562100,176.23,174.56,174.79,193.44
2024-04-02,164.75,167.69,163.43,166.63,116650600,175.03,173.84,173.72,192.25
2024-04-03,164.02,168.82,163.28,168.38,82950100,173.17,173.55,173.1,191.1
2024-04-04,170.07,177.19,168.01,171.11,123162000,171.43,173.09,172.83,189.94
2024-04-05,169.08,170.86,160.51,164.9,143157600,169.25,172.3,172.14,188.77
2024-04-08,169.34,174.5,167.79,172.98,104423300,168.8,172.51,172.02,187.76
2024-04-09,172.91,179.22,171.92,176.88,102951700,170.85,172.94,171.98,186.92
2024-04-10,173.04,174.93,170.01,171.76,84532400,171.53,172.35,171.69,186.13
2024-04-11,172.55,175.88,168.51,174.6,94516000,172.22,171.83,171.94,185.38
2024-04-12,172.34,173.81,170.36,171.05,64722700,173.45,171.35,172.37,184.64
2024-04-15,170.24,170.69,161.38,161.48,100245300,171.15,169.98,172.27,183.8
2024-04-16,156.74,158.19,153.75,157.11,97000000,167.2,169.03,171.43,182.88
2024-04-17,157.64,158.33,153.78,155.45,82439700,163.94,167.73,170.64,181.99
2024-04-18,151.25,152.2,148.7,149.93,96098800,159,165.61,169.35,181
2024-04-19,148.97,150.94,146.22,147.05,87074500,154.2,163.83,168.06,179.99
2024-04-22,140.56,144.44,138.8,142.05,107097600,150.32,160.74,166.63,179.31
2024-04-23,143.33,147.26,141.11,144.68,124545100,147.83,157.52,165.23,178.67
2024-04-24,162.84,167.97,157.51,162.13,181178000,149.17,156.55,164.45,178.19
2024-04-25,158.96,170.88,158.36,170.18,126427500,153.22,156.11,163.97,177.83
2024-04-26,168.85,172.12,166.37,168.29,109815700,157.47,155.83,163.59,177.52
2024-04-29,188.42,198.87,184.54,194.05,243869700,167.87,159.09,164.53,177.6
2024-04-30,186.98,190.95,182.84,183.28,127031800,175.59,161.71,165.37,177.53
2024-05-01,182,185.86,179.01,179.99,92829700,179.16,164.16,165.95,177.51
2024-05-02,182.86,184.6,176.02,180.01,89148000,181.12,167.17,166.39,177.42
2024-05-03,182.1,184.78,178.42,181.19,75491500,183.7,170.58,167.21,177.32
2024-05-06,183.8,187.56,182.2,184.76,84390300,181.85,174.86,167.8,177.24
2024-05-07,182.4,183.26,177.4,177.81,75045900,180.75,178.17,167.84,176.97
2024-05-08,171.59,176.06,170.15,174.72,79969500,179.7,179.43,167.99,176.75
2024-05-09,175.01,175.62,171.37,171.97,65950300,178.09,179.61,167.86,176.55
2024-05-10,173.05,173.06,167.75,168.47,72627200,175.55,179.63,167.73,176.21
2024-05-13,170,175.4,169,171.89,67018900,172.97,177.41,168.25,175.74
2024-05-14,174.5,179.49,174.07,177.55,86407400,172.92,176.84,169.27,175.36
2024-05-15,179.9,180,173.11,173.99,79663000,172.77,176.24,170.2,175.03
2024-05-16,174.1,175.79,171.43,174.84,59812200,173.35,175.72,171.44,174.7
2024-05-17,173.55,179.63,172.75,177.46,77445800,175.15,175.35,172.97,174.37
2024-05-20,177.56,177.75,173.52,174.95,61727400,175.76,174.37,174.61,174.08
2024-05-21,175.51,186.88,174.71,186.6,115266500,177.57,175.24,176.71,173.87
2024-05-22,182.85,183.8,178.12,180.11,88313500,178.79,175.78,177.61,173.54
2024-05-23,181.8,181.9,173.26,173.74,71975500,178.57,175.96,177.78,173.07
2024-05-24,174.84,180.08,173.73,179.24,65584500,178.93,177.04,178.33,172.7
2024-05-28,176.4,178.25,173.16,176.75,59736600,179.29,177.52,177.47,172.26
2024-05-29,174.19,178.15,173.93,176.19,54782600,177.21,177.39,177.11,172.07
2024-05-30,178.58,182.67,175.38,178.79,77618400,176.94,177.87,177.05,172.03
2024-05-31,178.5,180.32,173.82,178.08,67314600,177.81,178.19,176.96,172.06
2024-06-03,178.13,182.64,174.49,176.29,68568900,177.22,178.07,176.71,172.02
2024-06-04,174.78,177.76,174,174.77,60056300,176.82,178.06,176.21,172.01
2024-06-05,175.35,176.15,172.13,175,57953800,176.59,176.9,176.07,171.96
2024-06-06,174.6,179.73,172.73,177.94,69887000,176.42,176.68,176.23,171.97
2024-06-07,176.13,179.35,175.58,177.48,56244900,176.3,177.05,176.51,172.1
2024-06-10,176.06,178.57,173.17,173.79,50774600,175.8,176.51,176.77,172.29
2024-06-11,173.92,174.75,167.41,170.66,64761900,174.97,175.9,176.71,172.41
2024-06-12,171.12,180.55,169.8,177.29,90389400,175.43,176.01,176.7,172.47
2024-06-13,188.39,191.08,181.23,182.47,118984100,176.34,176.38,177.12,172.65
2024-06-14,185.8,186,176.92,178.01,82038200,176.44,176.37,177.28,172.69
2024-06-17,177.92,188.81,177,187.44,109786100,179.17,177.48,177.78,172.94
2024-06-18,186.56,187.2,182.37,184.86,68982300,182.01,178.49,178.28,173.17
2024-06-20,184.68,185.21,179.66,181.57,55893100,182.87,179.15,178.02,173.32
2024-06-21,182.3,183.95,180.69,183.01,61937300,182.98,179.66,178.17,173.41
2024-06-24,184.97,188.8,182.55,182.58,61992100,183.89,180.17,178.61,173.45
2024-06-25,184.4,187.97,182.01,187.35,62905700,183.87,181.52,179.02,173.65
2024-06-26,186.54,197.76,186.36,196.37,95737100,186.18,184.09,180,174
2024-06-27,195.17,198.72,194.05,197.42,72746500,189.35,186.11,181.06,174.51
2024-06-28,199.55,203.2,195.26,197.88,95438100,192.32,187.65,182.01,175
2024-07-01,201.02,213.23,200.85,209.86,135691400,197.78,190.83,183.6,175.65
2024-07-02,218.89,231.3,218.06,231.26,205047900,206.56,195.22,186.35,176.76
2024-07-03,234.56,248.35,234.25,246.39,166561500,216.56,201.37,189.93,177.98
2024-07-05,249.81,252.37,242.46,251.52,154501200,227.38,208.36,193.76,179.22
2024-07-08,247.71,259.44,244.57,252.94,157219600,238.39,215.36,197.51,180.58
2024-07-09,251,265.61,250.3,262.33,160210900,248.89,223.33,201.75,182.04
2024-07-10,262.8,267.59,257.86,263.26,128519400,255.29,230.92,206.22,183.58
2024-07-11,263.3,271,239.65,241.03,221707300,254.22,235.39,209.74,184.9
2024-07-12,235.8,251.84,233.09,248.23,155955800,253.56,240.47,213.29,186.42
2024-07-15,255.97,265.6,251.73,252.64,146912900,253.5,245.95,216.8,188.04
2024-07-16,255.31,258.62,245.8,256.56,126332500,252.34,250.62,220.73,189.82
2024-07-17,252.73,258.47,246.18,248.5,115584800,249.39,252.34,223.78,191.51
2024-07-18,251.09,257.14,247.2,249.23,110869000,251.03,252.62,227,193.29
2024-07-19,247.79,249.44,236.83,239.2,87403900,249.23,251.39,229.88,194.87
2024-07-22,244.21,253.21,243.75,251.51,101225400,249,251.25,233.3,196.36
2024-07-23,253.6,255.76,245.63,246.38,111928200,246.96,249.65,236.49,197.63
2024-07-24,225.42,225.99,214.71,215.99,167942900,240.46,244.93,237.92,198.42
2024-07-25,216.8,226,216.23,220.25,100636500,234.67,242.85,239.12,198.86
2024-07-26,221.19,222.28,215.33,219.8,94604100,230.79,240.01,240.24,199.47
2024-07-29,224.9,234.27,224.7,232.1,129201800,226.9,237.95,241.95,200.34
2024-07-30,232.25,232.41,220,222.62,100560300,222.15,234.56,242.59,201.05
2024-07-31,227.9,234.68,226.79,232.07,67497000,225.37,232.92,242.63,201.9
2024-08-01,227.69,231.87,214.33,216.86,83861900,224.69,229.68,241.15,202.43
2024-08-02,214.88,216.13,205.78,207.67,82880100,222.26,226.53,238.96,202.93
2024-08-05,185.22,203.88,182,198.88,100308800,215.62,221.26,236.26,203.33
2024-08-06,200.75,202.9,192.67,200.64,73783900,211.22,216.69,233.17,203.81
2024-08-07,200.77,203.49,191.48,191.76,71159800,203.16,214.27,229.6,204.2
2024-08-08,195.7,200.7,192.04,198.84,65033900,199.56,212.12,227.49,204.65
2024-08-09,197.05,200.88,195.11,200,58648300,198.02,210.14,225.08,205.02
2024-08-12,199.02,199.26,194.67,197.49,64044900,197.75,206.68,222.32,205.41
2024-08-13,198.47,208.49,197.06,207.83,76247400,199.18,205.2,219.88,205.96
2024-08-14,207.39,208.44,198.75,201.38,70250000,201.11,202.14,217.53,206.36
2024-08-15,205.02,215.88,204.82,214.14,89848500,204.17,201.86,215.77,207.01
2024-08-16,211.15,219.8,210.8,216.12,88765100,207.39,202.71,214.62,207.51
2024-08-19,217.07,222.98,214.09,222.72,76435200,212.44,205.09,213.18,208.22
2024-08-20,224.88,228.22,219.56,221.1,74001200,215.09,207.14,211.91,209.01
2024-08-21,222.67,224.66,218.86,223.27,70146000,219.47,210.29,212.28,209.74
2024-08-22,223.82,224.8,210.32,210.66,79514500,218.77,211.47,211.8,210.3
2024-08-23,214.46,221.48,214.21,220.32,81525200,219.61,213.5,211.82,211.04
2024-08-26,218.75,219.09,211.01,213.21,59301200,217.71,215.08,210.88,211.61
2024-08-27,213.25,215.66,206.94,209.21,62821400,215.33,215.21,210.21,212.13
2024-08-28,209.72,211.84,202.59,205.75,64116400,211.83,215.65,208.89,212.62
2024-08-29,209.8,214.89,205.97,206.28,62308800,210.95,214.86,208.36,213.15
2024-08-30,208.63,214.57,207.03,214.11,63370600,209.71,214.66,208.69,213.8
2024-09-03,215.26,219.9,209.64,210.6,76714200,209.19,213.45,209.27,214.34
2024-09-04,210.59,222.22,210.57,219.41,80651800,211.23,213.28,210.21,215.04
2024-09-05,223.49,235,222.25,230.17,119355000,216.11,213.97,212.13,215.98
2024-09-06,232.6,233.6,210.51,210.73,112177000,217,213.98,212.73,216.65
2024-09-09,216.2,219.87,213.67,216.27,67443500,217.44,213.57,213.54,217.3
2024-09-10,220.07,226.4,218.64,226.17,78891100,220.55,214.87,214.97,218.03
2024-09-11,224.55,228.47,216.8,228.13,83548600,222.29,216.76,215.99,218.86
2024-09-12,224.66,231.45,223.83,229.81,71894900,222.22,219.17,217.41,219.57
2024-09-13,228,232.67,226.32,230.29,59515100,226.13,221.57,218.22,220.33
2024-09-16,229.3,229.96,223.53,226.78,54323000,228.24,222.84,218.75,221.08
2024-09-17,229.45,234.57,226.55,227.87,66761600,228.58,224.56,219.01,221.83
2024-09-18,230.09,235.68,226.88,227.2,78010200,228.39,225.34,219.31,222.57
2024-09-19,234,244.24,232.13,243.92,102694600,231.21,226.72,220.34,223.52
2024-09-20,241.52,243.99,235.92,238.25,99879100,232.8,229.47,221.72,224.21
2024-09-23,242.61,250,241.92,250,86927200,237.45,232.84,223.21,225.09
2024-09-24,254.08,257.19,249.05,254.27,88491000,242.73,235.65,225.26,226.03
2024-09-25,252.54,257.05,252.28,257.02,65034300,248.69,238.54,227.65,226.82
2024-09-26,260.6,261.75,251.53,254.22,67142200,250.75,240.98,230.07,227.2
2024-09-27,257.38,260.7,254.12,260.46,70988100,255.19,244,232.78,227.43
2024-09-30,259.04,264.86,255.77,261.63,80705700,257.52,247.48,235.16,227.6
2024-10-01,262.67,263.98,248.53,258.02,87397600,258.27,250.5,237.53,227.69
2024-10-02,247.55,251.16,241.5,249.02,93983900,256.67,252.68,239.01,227.46
2024-10-03,244.48,249.79,237.81,240.66,80729200,253.96,252.35,239.54,227.09
2024-10-04,246.69,250.96,244.58,250.08,86573200,251.88,253.54,241.5,227.24
2024-10-07,249,249.83,240.7,240.83,68113300,247.72,252.62,242.73,227.12
2024-10-08,243.56,246.21,240.56,244.5,56303200,245.02,251.64,243.65,226.98
2024-10-09,243.82,247.43,239.51,241.05,66289500,243.42,250.05,244.29,226.72
2024-10-10,241.81,242.79,232.34,238.77,83087100,243.05,248.5,244.74,226.56
2024-10-11,220.13,223.34,214.38,217.8,142628900,236.59,244.24,244.12,226.03
2024-10-14,220.13,221.91,213.74,219.16,86291900,232.26,239.99,243.74,225.7
2024-10-15,220.01,224.26,217.12,219.57,62988800,227.27,236.14,243.32,225.17
2024-10-16,221.4,222.82,218.93,221.33,49632800,223.33,233.38,243.03,224.75
2024-10-17,221.59,222.08,217.9,220.89,50791800,219.75,231.4,241.88,224.83
2024-10-18,220.71,222.28,219.23,220.7,49611900,220.33,228.46,241,224.84
2024-10-21,218.9,220.48,215.73,218.85,47329000,220.27,226.26,239.44,224.82
2024-10-22,217.31,218.22,215.26,217.97,43268700,219.95,223.61,237.63,224.59
2024-10-23,217.13,218.72,212.11,213.65,80938900,218.41,220.87,235.46,224.44
2024-10-24,244.68,262.12,242.65,260.48,204491900,226.33,223.04,235.77,224.91
2024-10-25,256.01,269.49,255.32,269.19,161611900,236.03,228.18,236.21,225.79
2024-10-28,270,273.54,262.24,262.51,107653600,244.76,232.51,236.25,226.7
2024-10-29,264.51,264.98,255.51,259.52,80521800,253.07,236.51,236.33,227.71
2024-10-30,258.04,263.35,255.82,257.55,53993600,261.85,240.13,236.75,228.66
2024-10-31,257.99,259.75,249.25,249.85,66575300,259.72,243.03,237.21,229.63
2024-11-01,252.04,254,246.63,248.98,57544800,255.68,245.86,237.16,230.46
2024-11-04,244.56,248.9,238.88,242.84,68802400,251.75,248.25,237.26,231.18
2024-11-05,247.34,255.28,246.21,251.44,69282500,250.13,251.6,237.61,232.08
2024-11-06,284.67,289.59,275.62,288.53,165228700,256.33,259.09,239.98,233.42
2024-11-07,288.89,299.75,285.52,296.91,117309200,265.74,262.73,242.89,235.01
2024-11-08,299.14,328.71,297.66,321.22,204782800,280.19,267.93,248.06,236.8
2024-11-11,346.3,358.64,336,350,210521600,301.62,276.68,254.6,239.03
2024-11-12,342.74,345.84,323.31,328.49,155726000,317.03,283.58,260.04,240.79
2024-11-13,335.85,344.6,322.5,330.24,125405600,325.37,290.85,265.49,242.61
2024-11-14,327.69,329.98,310.37,311.18,120726100,328.23,296.98,270,244.08
2024-11-15,310.57,324.68,309.22,320.72,114440300,328.13,304.16,275.01,245.91
2024-11-18,340.73,348.55,330.01,338.74,126085600,325.87,313.75,281,247.88
2024-11-19,335.76,347.38,332.75,346,88852500,329.38,323.2,287.4,250.1
2024-11-20,345,346.6,334.3,342.03,66340700,331.73,328.55,293.82,252.31
2024-11-21,343.81,347.99,335.28,339.64,58011700,337.43,332.83,297.78,254.54
2024-11-22,341.09,361.53,337.7,352.56,89140700,343.79,335.96,301.95,256.98
2024-11-25,360.14,361.93,338.2,338.59,95890900,343.76,334.82,305.75,259.05
2024-11-26,341,346.96,335.66,338.23,62295900,342.21,335.79,309.69,261.18
2024-11-27,341.8,342.55,326.59,332.89,57896400,340.38,336.06,313.45,263.07
2024-11-29,336.08,345.45,334.65,345.16,37167600,341.49,339.46,318.22,264.99
2024-12-02,352.38,360,351.15,357.09,77986500,342.39,343.09,323.63,267.43
2024-12-03,351.8,355.69,348.2,351.42,58267200,344.96,344.36,329.05,269.68
2024-12-04,353,358.1,348.6,357.93,50810900,348.9,345.55,334.38,271.88
2024-12-05,359.87,375.43,359.5,369.49,81403600,356.22,348.3,338.43,274.23
2024-12-06,377.42,389.49,370.8,389.22,81455800,365.03,353.26,343.04,276.89
2024-12-09,397.61,404.8,378.01,389.79,96359200,371.57,356.98,346.47,279.55
2024-12-10,392.68,409.73,390.85,400.99,97563600,381.48,363.22,349.02,282.45
2024-12-11,409.7,424.88,402.38,424.77,104287600,394.85,371.88,353.83,285.73
2024-12-12,424.84,429.3,415,418.1,87752200,404.57,380.4,358.23,288.92
2024-12-13,420,436.3,415.71,436.23,89000200,413.98,389.5,364.48,292.12
2024-12-16,441.09,463.19,436.15,463.02,114083800,428.62,400.1,371.59,295.87
2024-12-17,475.9,483.99,457.51,479.86,131223000,444.4,412.94,378.65,299.7
2024-12-18,466.5,488.54,427.01,440.13,149340800,447.47,421.16,383.36,302.8
2024-12-19,451.88,456.36,420.02,436.17,118566100,451.08,427.83,388.06,305.78
2024-12-20,425.51,447.08,417.64,421.06,132216200,448.05,431.01,392.14,308.56
2024-12-23,431,434.51,415.41,430.6,72698100,441.56,435.09,396.04,311.4
2024-12-24,435.9,462.78,435.14,462.28,59551800,438.05,441.22,402.22,314.74
2024-12-26,465.16,465.33,451.02,454.13,76366400,440.85,444.16,408.02,318.01
2024-12-27,449.52,450,426.5,431.66,82666800,439.95,445.51,412.96,321.05
2024-12-30,419.4,427,415.75,417.41,64941000,439.22,443.63,416.57,324
2024-12-31,423.79,427.93,402.54,403.84,76825100,433.86,437.71,418.91,326.56
2025-01-02,390.1,392.73,373.04,379.28,109710700,417.26,427.66,420.3,328.87
2025-01-03,381.48,411.88,379.45,410.44,95423300,408.53,424.69,422.92,331.64
2025-01-06,423.2,426.43,401.7,411.05,85516500,404.4,422.18,425,334.47
2025-01-07,405.83,414.33,390,394.36,75699500,399.79,419.5,425.26,337.06
2025-01-08,392.95,402.5,387.4,394.94,73038800,398.01,415.94,425.52,340.01
2025-01-10,391.4,399.28,377.29,394.74,62287300,401.11,409.18,425.2,342.94
2025-01-13,383.21,403.79,380.07,403.31,67580500,399.68,404.1,424.13,346
2025-01-14,414.34,422.64,394.54,396.36,84565000,396.74,400.57,423.04,348.92
2025-01-15,409.9,429.8,405.66,428.22,81375500,403.51,401.65,422.64,352.38
2025-01-16,423.49,424,409.13,413.82,68335200,407.29,402.65,420.18,355.59
2025-01-17,421.5,439.74,419.75,426.5,94991400,413.64,407.37,417.51,359.06
2025-01-21,432.64,433.2,406.31,424.07,87320900,417.79,408.74,416.71,362.49
2025-01-22,416.81,428,414.59,415.11,60963300,421.54,409.14,415.66,365.85
2025-01-23,416.06,420.73,408.95,412.38,50690600,418.38,410.94,415.22,368.38
2025-01-24,414.45,418.88,405.78,406.58,56427100,416.93,412.11,414.02,370.67
2025-01-27,394.8,406.69,389,397.15,58125500,411.06,412.35,410.77,372.91
2025-01-28,396.91,400.59,386.5,398.09,48910700,405.86,411.83,407.97,375.22
2025-01-29,395.21,398.59,384.48,389.1,68033600,400.66,411.1,405.84,377.42
2025-01-30,410.78,412.5,384.41,400.28,98092900,398.24,408.31,404.98,379.92
2025-01-31,401.53,419.99,401.34,404.6,83283600,397.84,407.39,405.02,382.52
2025-02-03,386.68,389.17,374.36,383.68,93732100,395.15,403.1,405.24,384.86
2025-02-04,382.63,394,381.4,392.21,57072200,393.97,399.92,404.33,387.21
2025-02-05,387.51,388.39,375.53,378.17,57223300,391.79,396.22,402.68,388.7
2025-02-06,373.03,375.4,363.18,374.32,77918200,386.6,392.42,401.68,389.99
2025-02-07,370.19,380.55,360.34,361.62,70298300,378,387.92,400.02,390.67
2025-02-10,356.21,362.7,350.51,350.73,77514900,371.41,383.28,397.81,390.68
2025-02-11,345.8,349.37,325.1,328.5,118543400,358.67,376.32,394.07,390.68
2025-02-12,329.94,346.4,329.12,336.51,105382700,350.34,371.06,391.08,390.78
2025-02-13,345,358.69,342.85,355.94,89441500,346.66,366.63,387.47,391.53
2025-02-14,360.62,362,347.5,355.84,68277300,345.5,361.75,384.57,392.12
2025-02-18,355.01,359.1,350.02,354.11,51631700,346.18,358.8,380.95,392.37
2025-02-19,354,367.34,353.67,360.56,67094400,352.59,355.63,377.77,392.61
2025-02-20,361.51,362.3,348,354.4,45965400,356.17,353.25,374.74,392.82
2025-02-21,353.44,354.98,334.42,337.8,74058600,352.54,349.6,371.01,392.79
2025-02-24,338.14,342.4,324.7,330.53,76052300,347.48,346.49,367.21,392.42
2025-02-25,327.02,328.89,297.25,302.8,134228800,337.22,341.7,362.49,391.83
2025-02-26,303.71,309,288.04,290.8,100118300,323.27,337.93,357.12,391.04
2025-02-27,291.16,297.23,280.88,281.95,101748200,308.78,332.47,351.77,390.19
2025-02-28,279.5,293.88,273.6,292.98,115697000,299.81,326.18,346.4,389.32
2025-03-03,300.34,303.94,277.3,284.65,115551400,290.64,319.06,340.4,388.11
2025-03-04,270.93,284.35,261.84,272.04,126706600,284.48,310.85,334.82,386.79
2025-03-05,272.92,279.55,267.71,279.1,94042900,282.14,302.7,329.17,385.47
2025-03-06,272.06,272.65,260.02,263.45,98451600,278.44,293.61,323.43,383.71
2025-03-07,259.32,266.25,250.73,262.67,102369600,272.38,286.1,317.85,381.6
2025-03-10,252.54,253.37,220,222.15,189076900,259.88,275.26,310.88,378.8
2025-03-11,225.31,237.06,217.02,230.58,174896400,251.59,268.04,304.87,375.96
2025-03-12,247.22,251.84,241.1,248.09,142215700,245.39,263.77,300.85,373.02
2025-03-13,248.13,248.29,232.6,240.68,114813500,240.83,259.64,296.06,370.06
2025-03-14,247.31,251.58,240.73,249.98,100242300,238.3,255.34,290.76,366.96
2025-03-17,245.06,245.4,232.8,238.01,111900600,241.47,250.68,284.87,363.21
2025-03-18,228.16,230.1,222.28,225.31,111477600,240.41,246,278.43,358.96
2025-03-19,231.61,241.41,229.2,235.86,111993800,237.97,241.68,272.19,355.56
2025-03-20,233.35,238,230.05,236.26,99028300,237.08,238.96,266.28,352.23
2025-03-21,234.99,249.52,234.55,248.71,132728700,236.83,237.56,261.83,349.35
2025-03-24,258.08,278.64,256.33,278.39,169079900,244.91,243.19,259.22,346.82
2025-03-25,283.6,288.2,271.28,288.14,150361500,257.47,248.94,258.49,343.92
2025-03-26,282.66,284.9,266.51,272.06,153629800,264.71,251.34,257.55,340.88
2025-03-27,272.48,291.85,271.82,273.13,162572100,272.09,254.59,257.11,338.24
2025-03-28,275.58,276.1,260.57,263.55,123809400,275.05,255.94,255.64,335.67
2025-03-31,249.31,260.56,243.36,259.16,134008900,271.21,258.06,254.37,333.26
2025-04-01,263.8,277.45,259.25,268.46,146486900,267.27,262.37,254.19,331.42
2025-04-02,254.6,284.99,251.27,282.76,212787800,269.41,267.06,254.37,329.29
2025-04-03,265.29,276.3,261.51,267.28,136174300,268.24,270.16,254.56,326.89
2025-04-04,255.38,261,236,239.43,181229400,263.42,269.24,253.4,324.31
2025-04-07,223.78,252,214.25,233.29,183453800,258.24,264.73,253.96,321.62
2025-04-08,245,250.44,217.8,221.86,171603500,248.92,258.1,253.52,318.73
2025-04-09,224.69,274.69,223.88,272.2,219433400,246.81,258.11,254.73,316.55
2025-04-10,260,262.49,239.33,252.4,181722600,243.84,256.04,255.31,314.15
2025-04-11,251.84,257.74,241.36,252.31,128948100,246.41,254.91,255.43,311.22
2025-04-14,258.36,261.8,245.93,252.35,100135200,250.22,254.23,256.15,308.53
2025-04-15,249.91,258.75,247.54,254.11,79594300,256.67,252.8,257.59,305.65
2025-04-16,247.61,251.97,233.89,241.55,112378700,250.54,248.68,257.87,302.61
2025-04-17,243.47,244.34,237.68,241.37,83404800,248.34,246.09,258.13,299.72
2025-04-21,230.26,232.21,222.79,227.5,97768000,243.38,244.89,257.07,296.63
2025-04-22,230.96,242.79,229.85,237.97,120858500,240.5,245.36,255.04,293.82
2025-04-23,254.86,259.45,244.43,250.74,150381900,239.83,248.25,253.17,291.38
2025-04-24,250.5,259.54,249.2,259.51,94464200,243.42,246.98,252.55,289.07
2025-04-25,261.69,286.85,259.63,284.95,167560700,252.13,250.24,253.14,287.34
2025-04-28,288.98,294.86,272.42,285.88,151731800,263.81,253.59,254.25,285.43
2025-04-29,285.5,293.32,279.47,292.03,108906600,274.62,257.56,255.9,283.56
2025-04-30,279.9,284.45,270.78,282.16,128961100,280.91,260.37,256.58,281.86
2025-05-01,280.01,290.87,279.81,280.52,99659000,285.11,264.26,256.47,280
2025-05-02,284.9,294.78,279.81,287.21,114454700,285.56,268.85,257.47,278.49
2025-05-05,284.57,284.85,274.4,280.26,94618900,284.44,274.12,259.51,276.92
2025-05-06,273.11,277.73,271.35,275.35,76715800,281.1,277.86,261.61,275.48
2025-05-07,276.88,277.92,271,276.22,71592600,279.91,280.41,264.33,274.24
2025-05-08,279.63,289.8,279.41,284.82,97539400,280.77,282.94,264.96,273.51
2025-05-09,290.21,307.04,290,298.26,132387800,282.98,284.27,267.25,272.87
2025-05-12,321.99,322.21,311.5,318.38,112826700,290.61,287.52,270.56,272.25
2025-05-13,320,337.59,316.8,334.07,136992600,302.35,291.73,274.64,271.89
2025-05-14,342.5,350,337,347.68,136997300,316.64,298.28,279.32,271.78
2025-05-15,340.34,346.14,334.72,342.82,97882600,328.24,304.51,284.39,271.48
2025-05-16,346.24,351.62,342.33,349.98,95895700,338.59,310.78,289.82,271.41
2025-05-19,336.3,343,333.37,342.09,88869900,343.33,316.97,295.55,271.48
2025-05-20,347.87,354.99,341.63,343.82,131715500,345.28,323.81,300.84,271.7
2025-05-21,344.43,347.35,332.2,334.62,102354800,342.67,329.65,305.03,272.23
2025-05-22,331.9,347.27,331.39,341.04,97113400,342.31,335.28,309.11,273.07
2025-05-23,337.92,343.18,333.21,339.34,84654800,340.18,339.38,311.83,274.03
2025-05-27,347.35,363.79,347.32,362.89,120146400,344.34,343.84,315.68,275.19
2025-05-28,364.84,365,355.91,356.9,91404300,346.96,346.12,318.92,276.4
2025-05-29,365.29,367.71,356,358.43,88087800,351.72,347.19,322.74,277.83
2025-05-30,355.52,363.68,345.29,346.46,123474900,352.8,347.56,326.03,278.96
2025-06-02,343.5,348.02,333.33,342.69,81873800,353.47,346.83,328.81,280.28
2025-06-03,346.6,355.4,343.04,344.27,99324500,349.75,347.05,332.01,281.64
2025-06-04,345.1,345.6,327.33,332.05,98912100,344.78,345.87,334.84,283.47
2025-06-05,322.49,324.55,273.21,284.7,287499800,330.03,340.88,335.27,284.37
2025-06-06,298.83,305.5,291.14,295.14,164747700,319.77,336.29,335.78,285.16
2025-06-09,285.96,309.83,281.85,308.58,140908900,312.95,333.21,336.3,286.29
2025-06-10,314.94,327.83,310.67,326.09,151256500,309.31,329.53,336.68,287.56
2025-06-11,334.4,335.5,322.5,326.43,122611400,308.19,326.48,336.3,289.03
2025-06-12,323.08,332.56,316.86,319.11,105127500,315.07,322.55,334.87,290.59
2025-06-13,313.97,332.99,313.3,325.31,128964300,321.1,320.44,334,292.08
2025-06-16,331.29,332.05,326.41,329.13,83925900,325.21,319.08,332.95,293.63
2025-06-17,326.09,327.26,314.74,316.35,88282700,323.27,316.29,331.67,294.76
2025-06-18,317.31,329.32,315.45,322.05,95137700,322.39,315.29,330.58,295.49
2025-06-20,327.95,332.36,317.78,322.16,108688000,323,319.03,329.96,296.05
2025-06-23,327.54,357.54,327.48,348.68,190716800,327.67,324.39,330.34,297.33
2025-06-24,356.17,356.26,340.44,340.47,114736200,329.94,327.58,330.39,298.45
2025-06-25,342.7,343,320.4,327.55,119845100,332.18,327.72,328.63,299.52
2025-06-26,324.61,331.05,323.61,325.78,80440900,332.93,327.66,327.07,300.63
2025-06-27,324.51,329.34,317.5,323.63,89067000,333.22,328.11,325.33,301.55
2025-06-30,319.9,325.58,316.6,317.66,76695100,327.02,327.35,323.89,302.13
2025-07-01,298.46,305.89,293.21,300.71,145085700,319.07,324.5,321.79,302.69
2025-07-02,312.63,316.83,303.82,315.65,119483700,316.69,324.43,320.36,303.96
2025-07-03,317.99,318.45,312.76,315.35,58042300,314.6,323.76,319.53,305.33
2025-07-07,291.37,296.15,288.77,293.94,131177900,308.66,320.94,319.99,306.53
2025-07-08,297,304.05,294.35,297.81,103246700,304.69,315.85,320.12,306.95
2025-07-09,297.55,300.15,293.55,295.88,75586800,303.73,311.4,319.49,307.68
2025-07-10,300.05,310.48,300,309.87,104365300,302.57,309.63,318.68,308.64
2025-07-11,307.89,314.09,305.65,313.51,79236400,302.2,308.4,318.03,309.66
2025-07-14,317.73,322.6,312.67,316.9,78043400,306.79,307.73,317.92,310.7
2025-07-15,319.68,321.2,310.5,310.78,77556300,309.39,307.04,317.19,311.86
2025-07-16,312.8,323.5,312.62,321.67,97284800,314.55,309.14,316.82,313.2
2025-07-17,323.15,324.34,317.06,319.41,73922900,316.45,309.51,316.97,314.73
2025-07-18,321.66,330.9,321.42,329.65,94255000,319.68,310.94,317.35,316.26
2025-07-21,334.4,338,326.88,328.49,75768800,322,314.4,317.67,317.55
2025-07-22,329.74,335.41,321.55,332.11,77370400,326.27,317.83,316.84,318.76
2025-07-23,330.9,336.2,328.67,332.56,92553800,328.44,321.49,316.45,319.56
2025-07-24,310,310.15,300.41,305.3,156966000,325.62,321.04,315.33,319.88
2025-07-25,308.74,323.63,308.01,316.06,148227000,322.9,321.29,314.85,320.28
2025-07-28,318.45,330.49,315.69,325.59,112673800,322.32,322.16,314.94,321
2025-07-29,325.55,326.25,318.25,321.2,87358900,320.14,323.2,315.12,321.68
2025-07-30,322.18,324.45,311.62,319.04,83931900,317.44,322.94,316.04,322.21
2025-07-31,319.61,321.37,306.1,308.27,85270900,318.03,321.83,315.67,322.68
2025-08-01,306.21,309.31,297.82,302.63,89121400,315.35,319.12,315.03,323.13
2025-08-04,309.08,312.12,303,309.26,78683900,312.08,317.2,315.8,323.68
2025-08-05,308.95,312.45,305.5,308.72,57961300,309.58,314.86,316.34,324.08
2025-08-06,307.89,320.47,306.93,319.91,78523600,309.76,313.6,317.55,324.44
2025-08-07,319.79,322.4,316.16,322.27,66658700,312.56,315.3,318.17,324.51
2025-08-08,321.43,335.15,320.98,329.65,91200300,317.96,316.65,318.97,324.43
2025-08-11,335,346.64,334.15,339.03,105320200,323.92,318,320.08,324.29
2025-08-12,345,345.26,332.94,340.84,80522100,330.34,319.96,321.58,324.26
2025-08-13,341.5,348.98,338.2,339.38,67838900,334.23,322,322.47,324.08
2025-08-14,335.76,340.47,330.4,335.58,75000700,336.9,324.73,323.28,323.97
2025-08-15,337.66,339.3,327.02,330.56,74319800,337.08,327.52,323.32,323.75
2025-08-18,329.62,336.27,329.59,335.16,56956600,336.3,330.11,323.66,323.76
2025-08-19,335.79,340.55,327.85,329.31,75956000,334,332.17,323.52,323.56
2025-08-20,329.22,331.37,314.6,323.9,77481800,330.9,332.57,323.08,323.31
2025-08-21,322.08,324.9,318.68,320.11,55744400,327.81,332.35,323.82,322.59
2025-08-22,321.66,340.25,319.69,340.01,94016300,329.7,333.39,325.02,322.31
2025-08-25,338.9,349.53,335.03,346.6,86670000,331.99,334.14,326.07,322.12
2025-08-26,344.93,351.9,343.72,351.67,76651600,336.46,335.23,327.59,322.2
2025-08-27,351.94,355.39,349.16,349.6,65519000,341.6,336.25,329.12,322.32
2025-08-28,350.91,353.55,340.26,345.98,67903200,346.77,337.29,331.01,322.35
2025-08-29,347.23,348.75,331.7,333.87,81145700,345.54,337.62,332.57,322.38
2025-09-02,328.23,333.33,325.6,329.36,58392000,342.1,337.04,333.58,323.12
2025-09-03,335.2,343.33,328.51,334.09,88733300,338.58,337.52,334.84,323.77
2025-09-04,336.15,338.89,331.48,338.53,60711000,336.37,338.98,335.77,324.27
2025-09-05,348,355.87,344.68,350.84,108989800,337.34,342.06,337.2,324.68
2025-09-08,354.64,358.44,344.84,346.4,75208300,339.84,342.69,338.04,325.01
2025-09-09,348.44,350.77,343.82,346.97,53816000,343.37,342.73,338.44,325.48
2025-09-10,350.55,356.33,346.07,347.79,72121700,346.11,342.34,338.79,325.85
2025-09-11,350.17,368.99,347.6,368.81,103756000,352.16,344.26,340.26,326.52
2025-09-12,370.94,396.69,370.24,395.94,168156400,361.18,349.26,343.28,327.84
2025-09-15,423.13,425.7,402.43,410.04,163823700,373.91,356.88,347.25,329.31
2025-09-16,414.5,423.25,411.43,421.62,104285700,388.84,366.1,351.57,330.97
2025-09-17,415.75,428.31,409.67,425.86,106133500,404.45,375.28,356.4,332.25
2025-09-18,428.87,432.22,416.56,416.85,90454500,414.06,383.11,361.05,333.53
2025-09-19,421.82,429.47,421.72,426.07,93131000,420.09,390.64,366.35,335.17
2025-09-22,431.11,444.98,429.13,434.21,97108800,424.92,399.42,371.06,336.97
2025-09-23,439.88,440.97,423.72,425.85,83422700,425.77,407.3,375.02,338.68
2025-09-24,429.83,444.21,429.03,442.79,93133600,429.15,416.8,379.57,340.76
2025-09-25,435.24,435.35,419.08,423.39,96746400,430.46,422.26,383.26,342.81
2025-09-26,428.3,440.47,421.02,440.4,101628200,433.33,426.71,387.98,344.89
2025-09-29,444.35,450.98,439.5,443.21,79491500,435.13,430.03,393.45,347.02
2025-09-30,441.52,445,433.12,444.72,74358000,438.9,432.34,399.22,349.53
2025-10-01,443.8,462.29,440.75,459.46,98122300,442.24,435.7,405.49,352.23
2025-10-02,470.54,470.75,435.57,436,137009000,444.76,437.61,410.36,354.56
2025-10-03,443.29,446.77,416.58,429.83,133188200,442.64,437.99,414.31,356.56
2025-10-06,440.75,453.55,436.69,453.25,85324900,444.65,439.89,419.65,358.89
2025-10-07,447.82,452.68,432.45,433.09,102296100,442.33,440.61,423.96,360.83
2025-10-08,437.57,441.33,425.23,438.69,71192100,438.17,440.2,428.5,362.96
2025-10-09,431.81,436.35,426.18,435.54,69339900,438.08,441.42,431.84,364.86
2025-10-10,436.54,443.13,411.45,413.49,112107900,434.81,438.73,432.72,366.42
2025-10-13,423.53,436.89,419.7,435.9,79552800,431.34,438,434.01,368.19
2025-10-14,426.79,434.2,417.86,429.24,72669400,430.57,436.45,434.39,369.87
2025-10-15,434.9,440.51,426.33,435.15,71558200,429.86,434.02,434.86,371.59
2025-10-16,434.73,439.35,421.31,428.75,77189900,428.51,433.29,435.45,373.19
2025-10-17,425.5,441.46,423.6,439.31,89331600,433.67,434.24,436.11,375.43
2025-10-20,443.87,449.8,440.61,447.43,63719000,435.98,433.66,436.77,377.62
2025-10-21,445.76,449.3,442.05,442.6,54412200,438.65,434.61,437.61,379.57
2025-10-22,443.45,445.54,429,438.97,84023500,439.41,434.64,437.42,381.53
2025-10-23,420,449.4,413.9,448.98,126709800,443.46,435.98,438.7,383.7
2025-10-24,446.83,451.68,430.17,433.72,94727800,442.34,438,438.37,385.79
2025-10-27,439.98,460.16,438.69,452.42,105867500,443.34,439.66,438.83,388.28
2025-10-28,454.78,467,451.6,460.55,80185700,446.93,442.79,439.62,390.8
2025-10-29,462.5,465.7,452.65,461.51,67983500,451.44,445.42,439.72,393.35
2025-10-30,451.05,455.06,439.61,440.1,72447900,449.66,446.56,439.93,395.35
2025-10-31,446.75,458,443.69,456.56,83135800,454.23,448.28,441.26,397.59
2025-11-03,455.99,474.07,453.8,468.37,84595200,457.42,450.38,442.02,399.9
2025-11-04,454.46,460.22,443.6,444.26,87756600,454.16,450.54,442.58,401.66
2025-11-05,452.05,466.33,440.71,462.07,85573000,454.27,452.85,443.75,403.68
2025-11-06,461.96,467.45,435.09,445.91,109622900,455.43,452.55,444.26,405.45
2025-11-07,437.92,439.36,421.88,429.52,103471500,450.03,452.13,445.07,407.02
2025-11-10,439.6,449.67,433.36,445.23,76515900,445.4,451.41,445.53,408.93
2025-11-11,439.4,442.49,432.36,439.62,60533200,444.47,449.32,446.05,410.67
2025-11-12,442.15,442.33,426.56,430.6,58513500,438.18,446.22,445.82,412.36
2025-11-13,423.13,424.5,396.34,401.99,118948000,429.39,442.41,444.49,413.66
2025-11-14,386.3,412.19,382.78,404.35,105506700,424.36,437.19,442.74,415.07
2025-11-17,398.74,423.96,398.74,408.92,102214300,417.1,431.25,440.81,416.21
2025-11-18,405.38,408.9,393.71,401.25,80688600,409.42,426.95,438.75,417.12
2025-11-19,406.18,411.78,398.5,403.99,72047700,404.1,421.14,437,418
2025-11-20,414.63,428.94,394.74,395.23,113548800,402.75,416.07,434.31,418.76
2025-11-21,402.32,402.8,383.76,391.09,100460600,400.1,412.23,432.18,419.51
2025-11-24,402.17,421.72,401.09,417.78,96806400,401.87,409.48,430.45,420.91
2025-11-25,414.42,420.48,405.95,419.4,71915600,405.5,407.46,428.39,422.41
2025-11-26,423.95,426.94,416.89,426.58,63463000,410.02,407.06,426.64,423.95
2025-11-28,426.59,432.93,426.2,430.17,36252900,417,409.88,426.14,425.48
2025-12-01,425.32,433.66,425.29,430.14,57463600,424.81,412.46,424.82,426.8
2025-12-02,430.81,436.8,422.12,429.24,69336600,427.11,414.49,422.87,428.18
2025-12-03,432.1,447.92,431.11,446.74,87483000,432.57,419.04,422.99,429.84
2025-12-04,449.94,454.63,445.39,454.53,71906500,438.16,424.09,422.61,431.62
2025-12-05,453.03,458.87,451.66,455,56427500,443.13,430.07,423.07,433.06
2025-12-08,447.45,449.75,435.25,439.58,69165800,445.02,434.92,423.57,433.79
2025-12-09,437.54,452.39,435.7,445.17,62367400,448.2,437.65,423.57,434.37
2025-12-10,446.07,456.88,443.61,451.45,63257500,449.15,440.86,424.16,434.87
2025-12-11,448.95,449.27,440.33,446.89,55979500,447.62,442.89,424.97,435.22
2025-12-12,448.09,463.01,441.67,458.96,95656700,448.41,445.77,427.82,435.92
2025-12-15,469.44,481.77,467.66,475.31,114542200,455.56,450.29,431.37,436.74
2025-12-16,472.21,491.5,465.83,489.88,107608100,464.5,456.35,435.42,437.67
2025-12-17,488.22,495.28,466.2,467.26,106490400,467.66,458.4,438.72,438.36
2025-12-18,478.16,490.86,473.12,483.37,95168400,474.96,461.29,442.69,439.04
2025-12-19,488.12,490.49,474.72,481.2,103305400,479.4,463.91,446.99,440
2025-12-22,489.88,498.83,485.33,488.73,86916100,482.09,468.82,451.87,440.8
2025-12-23,489.4,491.97,482.84,485.56,58223600,481.22,472.86,455.26,441.51
2025-12-24,488.48,490.9,476.8,485.4,41285400,484.85,476.26,458.56,442.19
2025-12-26,485.23,489.09,473.82,475.19,58780700,483.22,479.09,460.99,442.45
2025-12-29,469,469.4,459,459.64,66263000,478.9,479.15,462.46,442.84
2025-12-30,461.09,463.12,453.83,454.43,59238500,472.04,477.07,463.68,443.25
2025-12-31,456.1,456.55,449.3,449.72,49078000,464.88,473.05,464.7,443.2
2026-01-02,457.8,458.34,435.3,438.07,85535400,455.41,470.13,464.27,443.28
2026-01-05,447.99,457.55,444.57,451.67,67940800,450.71,466.96,464.12,443.49
2026-01-06,446.38,448.25,428.78,432.96,89093800,445.37,462.14,463.02,443.45
2026-01-07,435.9,438.37,431.29,431.41,59828800,440.77,456.41,462.61,443.75
2026-01-08,427.89,436.89,424.37,435.8,57041100,437.98,451.43,462.15,443.75
2026-01-09,435.95,449.05,430.39,445.01,67331500,439.37,447.39,461.82,444.01
2026-01-12,441.23,454.3,438,448.96,61649600,438.83,444.77,461.93,444.24
2026-01-13,450.2,451.81,443.95,447.2,53719200,441.68,443.52,461.34,444.55
2026-01-14,442.81,443.91,434.22,439.2,57259500,443.23,442,459.53,444.55
2026-01-15,441.13,445.36,437.65,438.57,49465800,443.79,440.89,456.97,444.4
2026-01-16,439.5,447.25,435.26,437.5,60220600,442.29,440.83,455.48,444.31
2026-01-20,429.36,430.73,417.44,419.25,63187300,436.34,437.59,452.27,443.99
2026-01-21,421.66,438.2,419.62,431.44,68124000,433.19,437.43,449.79,443.69
2026-01-22,435.16,449.5,432.63,449.36,71546700,435.22,439.23,447.82,443.95
2026-01-23,447.43,452.43,444.04,449.06,56771400,437.32,440.56,445.99,443.9
2026-01-26,445,445.04,434.28,435.2,49397400,436.86,439.57,443.48,443.48
2026-01-27,437.41,437.52,430.69,430.9,37733100,439.19,437.77,441.27,442.97
2026-01-28,431.91,438.26,430.1,431.46,54857400,439.2,436.19,439.86,442.82
2026-01-29,437.8,440.23,414.62,416.56,81686100,432.64,433.93,437.97,442.16
2026-01-30,425.35,439.88,422.7,430.41,82626100,428.91,433.11,437,441.52
2026-02-02,421.29,427.15,414.5,421.81,58739500,426.23,431.54,436.19,441.15
2026-02-03,424.27,428.56,413.69,421.96,56886500,424.44,431.82,434.7,440.48
2026-02-04,420.46,423.9,399.18,406.01,74606900,419.35,429.27,433.35,439.81
2026-02-05,397.02,402.1,387.53,397.21,72819800,415.48,424.06,431.64,439.28
2026-02-06,400.87,414.55,397.75,411.11,62677100,411.62,420.26,430.41,438.71
2026-02-09,409.91,421.25,407.29,417.32,54484300,410.72,418.47,429.02,438.34
2026-02-10,418.08,427.25,417,425.21,64450200,411.37,417.91,427.84,438.25
2026-02-11,427.96,436.35,420.03,428.27,57362000,415.82,417.59,426.89,438.68
2026-02-12,430.3,436.23,414,417.07,61933400,419.8,417.64,425.78,438.9
2026-02-13,414.31,424.06,410.88,417.44,51434100,421.06,416.34,424.73,439.04
2026-02-17,412.36,413.72,400.51,410.63,59678800,419.72,415.22,423.38,439.19
2026-02-18,411.11,416.9,409.58,411.32,45921400,416.95,414.16,422.99,439.32
2026-02-19,407.25,415.25,404.11,411.71,51019600,413.63,414.73,422,439.59
2026-02-20,408.3,414.7,405.5,411.82,57912200,412.58,416.19,420.12,439.94
2026-02-23,407.29,407.7,394.04,399.83,69680000,409.06,415.06,417.66,439.64
2026-02-24,399.5,410.82,397.64,409.38,58579500,408.81,414.27,416.37,439.47
2026-02-25,412.15,420.34,412.15,417.4,54809700,410.03,413.49,415.7,439.32
2026-02-26,414.42,416.81,403.66,408.58,53602500,409.4,411.52,414.55,438.96
2026-02-27,402.94,407.12,398.11,402.51,56890100,407.54,410.06,413.85,438.5
2026-03-02,390.6,404.54,388.25,403.32,55088300,408.24,408.65,412.5,438.07
2026-03-03,395.09,396.34,385.39,392.43,62617300,404.85,406.83,411.03,437.16
2026-03-04,397.85,408.33,394.58,405.94,68305500,402.56,406.29,410.23,436.35
2026-03-05,401.57,408.62,399.42,405.55,51925900,401.95,405.68,410.2,435.53
2026-03-06,398.09,402.35,394.21,396.73,64054600,400.79,404.17,410.18,434.81
2026-03-09,390.05,401.59,381.4,398.68,67018900,399.87,404.05,409.56,434.04
2026-03-10,402.22,406.59,398.19,399.24,59258700,401.23,403.04,408.65,433.17
2026-03-11,402.28,416.38,402.15,407.82,62559900,401.6,402.08,407.78,432.52
2026-03-12,405.18,406.5,394.65,395.01,60973800,399.5,400.72,406.12,431.45
2026-03-13,399.17,400.2,389.95,391.2,58504100,398.39,399.59,404.83,430.05
2026-03-16,396.22,403.73,394.42,395.56,58068300,397.77,398.82,403.73,428.48
2026-03-17,395.69,400.12,393,399.27,46890500,397.77,399.5,403.16,427.34
2026-03-18,399,403.07,392.31,392.78,50853100,394.76,398.18,402.24,425.83
2026-03-19,387.27,387.27,378.73,380.3,67078300,391.82,395.66,400.67,424.15
2026-03-20,379.85,379.89,364.46,367.96,78628600,387.17,392.78,398.47,422.14
2026-03-23,373.09,385.33,372.73,380.85,74606000,384.23,391,397.53,420.39
2026-03-24,376.56,387.48,376.31,383.03,60004900,380.98,389.38,396.21,418.69
2026-03-25,389.99,396.23,385.01,385.95,55157300,379.62,387.19,394.64,417.2
2026-03-26,381.6,384.44,371.87,372.11,55522900,377.98,384.9,392.81,415.74
2026-03-27,369.69,369.86,359.47,361.83,62065700,376.75,381.96,390.78,414.2
2026-03-30,365.86,367.29,352.14,355.28,67954400,371.64,377.94,388.38,412.62
2026-03-31,361.51,373.33,361,371.75,75534900,369.38,375.18,387.34,411.52
2026-04-01,378.63,383.14,374.08,381.26,58683800,368.45,374.03,386.11,410.34
2026-04-02,364.2,370.28,359.03,360.59,83031200,366.14,372.06,383.86,409.14
2026-04-06,362.59,367.72,346.64,352.82,77697600,364.34,370.55,381.66,407.83
2026-04-07,346.44,348.02,337.24,346.65,74515400,362.61,367.13,379.06,406.34
2026-04-08,363.79,364.5,339.67,343.25,78838600,356.91,363.15,376.26,404.65
2026-04-09,343.15,348.88,337.25,345.62,62164000,349.79,359.12,373.15,402.92
2026-04-10,346.29,350.36,342.74,348.95,51336000,347.46,356.8,370.85,401.29
2026-04-13,350.07,356.35,348.57,352.42,53617500,347.38,355.86,368.91,399.84
2026-04-14,357.67,367.63,354.77,364.2,59979600,350.89,356.75,367.34,398.6
2026-04-15,366.83,394.65,362.5,391.95,113810400,360.63,358.77,366.98,397.84
2026-04-16,393.81,394.06,381.8,388.9,63515100,369.28,359.54,366.78,397.34
2026-04-17,395.92,409.28,391.65,400.62,90640000,379.62,363.54,367.8,396.82
2026-04-20,402.58,406.8,388.33,392.5,64603900,387.63,367.51,369.03,395.87
2026-04-21,393,393.95,385.22,386.42,50530600,392.08,371.48,369.31,394.83
2026-04-22,387.57,393.01,385.3,387.51,62362800,391.19,375.91,369.53,394.04
2026-04-23,375.28,386,368.39,373.72,93969500,388.15,378.72,368.92,393.08
2026-04-24,373.5,382.76,370.73,376.3,62893300,383.29,381.45,369.13,392.16
2026-04-27,372.09,380.78,364.02,378.67,66735800,380.52,384.08,369.97,391.53
2026-04-28,374.68,382.29,372.54,376.02,50864400,378.44,385.26,371.01,390.63
2026-04-29,375.4,376.4,370.04,372.8,45384800,375.5,383.35,371.06,389.81
2026-04-30,372.75,384.75,368.17,381.63,51076000,377.08,382.62,371.08,389.14
2026-05-01,382.49,397.82,378.8,390.82,65338300,379.99,381.64,372.59,388.88
2026-05-04,390.23,394.64,384.8,392.51,48765100,382.76,381.64,374.57,388.81
2026-05-05,395.19,402.12,389,389.37,47780600,385.43,381.94,376.71,388.44
2026-05-06,386.25,401.68,384.02,398.73,53465400,390.61,383.06,379.48,388.13
2026-05-07,407.48,415.83,402.12,411.79,64294200,396.64,386.86,382.79,387.91
2026-05-08,416.48,431.2,416.39,428.35,65050000,404.15,392.07,386.76,387.91
2026-05-11,422.16,449.16,416.8,445,78376100,414.65,398.7,391.39,388.38
2026-05-12,441.41,447.8,422.26,433.45,60569300,423.46,404.45,394.85,388.64
2026-05-13,436.67,453.4,430.21,445.27,68283200,432.77,411.69,397.52,389.22
2026-05-14,446.49,451.98,441.16,443.3,46070400,439.07,417.86,400.24,389.75
2026-05-15,433.98,434.66,422,422.24,52688700,437.85,421,401.32,389.93
2026-05-18,419.27,421.13,405.33,409.99,52474200,430.85,422.75,402.19,389.9
2026-05-19,403.16,405.63,393.63,404.11,46500600,424.98,424.22,403.08,389.97
2026-05-20,407.6,417.46,406.39,417.26,45294700,419.38,426.08,404.57,390.1
2026-05-21,422.18,426.95,412.9,417.85,42636900,414.29,426.68,406.77,390.11
2026-05-22,422.67,431.51,420.51,426.01,46104700,415.04,426.45,409.26,390.4
2026-05-26,430.26,435.2,426.12,433.59,45658900,419.76,425.31,412,390.92
2026-05-27,442.89,445.6,435.52,440.36,44656500,427.01,426,415.22,391.53
2026-05-28,437.62,443.96,436.3,442.1,32435000,431.98,425.68,418.69,392.36
2026-05-29,439.85,441.07,428.14,435.79,45176800,435.57,424.93,421.39,392.86
2026-06-01,427.49,429.6,415.43,415.88,44937900,433.54,424.29,422.65,393.03
2026-06-02,418.22,424.42,413.65,423.74,37596000,431.57,425.67,424.21,393.48
2026-06-03,418.7,433.6,416,423.7,44500700,428.24,427.63,425.93,393.9
2026-06-04,419.84,426.35,417.16,418.45,35323300,423.51,427.75,426.91,394.22
2026-06-05,420.5,424.68,388.59,391,63420200,414.55,425.06,425.87,393.94
2026-06-08,396.33,412.94,394.72,408.95,50328800,413.17,423.36,424.9,394.17
2026-06-09,411.03,418.5,384.24,396.68,59940200,407.76,419.67,422.49,394.26
2026-06-10,391.54,397.09,380.15,381.59,49695600,399.33,413.79,419.89,394.03
2026-06-11,388.28,399.54,380.66,399.15,45324300,395.47,409.49,417.59,394.03
2026-06-12,399.49,406.68,386.76,406.43,63514500,398.56,406.56,415.74,394.26
2026-06-15,412.37,416,407.1,411.15,45620500,399,406.08,415.19,394.77
2026-06-16,404.11,412.42,400.54,404.66,40255500,400.6,404.18,414.92,395.38
2026-06-17,401.53,405.94,393.76,396.38,43534300,403.55,401.44,414.54,395.64
2026-06-18,398.1,402.52,384.7,400.49,58384700,403.82,399.65,413.7,395.93